"SampleID"	"BarcodeSequence"	"LinkerPrimerSequence"	"ReversePrimer"	"SampleName"	"SampleType"	"Plate"	"Position"	"BarcodePairs"	"Forward"	"Reverse"	"F"	"R"	"Extracted by"	"Comments"
1514	"TAGATCGCTAAGGCGA"	"GGACTACNVGGGTWTCTAAT"	"GTGYCAGCMGCCGCGGTAA"	"Kit Blank Lot# 160024848"	"Blank"	1	"A1"	"F1, R1"	"F1"	"R1"	"TAGATCGC"	"TAAGGCGA"	"KN"	
2223	"TAGATCGCCGAGGCTG"	"GGACTACNVGGGTWTCTAAT"	"GTGYCAGCMGCCGCGGTAA"	"SA-ADEL-WCH-028_V1"	"Milk"	1	"A10"	"F1, R10"	"F1"	"R10"	"TAGATCGC"	"CGAGGCTG"	"KN"	
2231	"TAGATCGCAAGAGGCA"	"GGACTACNVGGGTWTCTAAT"	"GTGYCAGCMGCCGCGGTAA"	"VIC-MEL-RMH-051_B2"	"Milk"	1	"A11"	"F1, R11"	"F1"	"R11"	"TAGATCGC"	"AAGAGGCA"	"KN"	
2241	"TAGATCGCGTAGAGGA"	"GGACTACNVGGGTWTCTAAT"	"GTGYCAGCMGCCGCGGTAA"	"QLD-BRI-MATER-074_V1"	"Milk"	1	"A12"	"F1, R12"	"F1"	"R12"	"TAGATCGC"	"GTAGAGGA"	"KN"	
1595	"TAGATCGCCGTACTAG"	"GGACTACNVGGGTWTCTAAT"	"GTGYCAGCMGCCGCGGTAA"	"SA-ADEL-REG-017_T2"	"Tongue"	1	"A2"	"F1, R2"	"F1"	"R2"	"TAGATCGC"	"CGTACTAG"	"IK"	
"1514Rep2"	"TAGATCGCGCGTAAGA"	"GGACTACNVGGGTWTCTAAT"	"GTGYCAGCMGCCGCGGTAA"	"Kit Blank Lot# 160024848_Rep2"	"Blank"	1	"A1"	"F1, R25"	"F1"	"R25"	"TAGATCGC"	"GCGTAAGA "	"KN"	
"1595Rep2"	"TAGATCGCCGTCTAAT"	"GGACTACNVGGGTWTCTAAT"	"GTGYCAGCMGCCGCGGTAA"	"SA-ADEL-REG-017_T2_Rep2"	"Tongue"	1	"A2"	"F1, R26"	"F1"	"R26"	"TAGATCGC"	"CGTCTAAT "	"IK"	
"1603Rep2"	"TAGATCGCTCTCTCCG"	"GGACTACNVGGGTWTCTAAT"	"GTGYCAGCMGCCGCGGTAA"	"VIC-MEL-RMH-018_T1_Rep2"	"Tongue"	1	"A3"	"F1, R27"	"F1"	"R27"	"TAGATCGC"	"TCTCTCCG "	"IK"	
"1611Rep2"	"TAGATCGCTCGACTAG"	"GGACTACNVGGGTWTCTAAT"	"GTGYCAGCMGCCGCGGTAA"	"SA-ADEL-WCH-058_T3_Rep2"	"Tongue"	1	"A4"	"F1, R28"	"F1"	"R28"	"TAGATCGC"	"TCGACTAG "	"IK"	
"1619Rep2"	"TAGATCGCAACGTGAT"	"GGACTACNVGGGTWTCTAAT"	"GTGYCAGCMGCCGCGGTAA"	"NSW-SYD-CHW-041_T3_Rep2"	"Tongue"	1	"A5"	"F1, R29"	"F1"	"R29"	"TAGATCGC"	"AACGTGAT"	"IK"	
1603	"TAGATCGCAGGCAGAA"	"GGACTACNVGGGTWTCTAAT"	"GTGYCAGCMGCCGCGGTAA"	"VIC-MEL-RMH-018_T1"	"Tongue"	1	"A3"	"F1, R3"	"F1"	"R3"	"TAGATCGC"	"AGGCAGAA"	"IK"	
"2191Rep2"	"TAGATCGCAAACATCG"	"GGACTACNVGGGTWTCTAAT"	"GTGYCAGCMGCCGCGGTAA"	"SA-ADEL-WCH-011_B2_Rep2"	"Milk"	1	"A6"	"F1, R30"	"F1"	"R30"	"TAGATCGC"	"AAACATCG"	"KN"	
"2199Rep2"	"TAGATCGCAGTGGTCA"	"GGACTACNVGGGTWTCTAAT"	"GTGYCAGCMGCCGCGGTAA"	"SA-ADEL-WCH-070_V5_Rep2"	"Milk"	1	"A7"	"F1, R31"	"F1"	"R31"	"TAGATCGC"	"AGTGGTCA"	"KN"	
"2207Rep2"	"TAGATCGCACCACTGT"	"GGACTACNVGGGTWTCTAAT"	"GTGYCAGCMGCCGCGGTAA"	"WA-PER-PMH-077_V3_Rep2"	"Milk"	1	"A8"	"F1, R32"	"F1"	"R32"	"TAGATCGC"	"ACCACTGT"	"KN"	
"2215Rep2"	"TAGATCGCACATTGGC"	"GGACTACNVGGGTWTCTAAT"	"GTGYCAGCMGCCGCGGTAA"	"SA-ADEL-WCH-058_V2_Rep2"	"Milk"	1	"A9"	"F1, R33"	"F1"	"R33"	"TAGATCGC"	"ACATTGGC"	"KN"	
"2223Rep2"	"TAGATCGCCAGATCTG"	"GGACTACNVGGGTWTCTAAT"	"GTGYCAGCMGCCGCGGTAA"	"SA-ADEL-WCH-028_V1_Rep2"	"Milk"	1	"A10"	"F1, R34"	"F1"	"R34"	"TAGATCGC"	"CAGATCTG"	"KN"	
"2231Rep2"	"TAGATCGCCATCAAGT"	"GGACTACNVGGGTWTCTAAT"	"GTGYCAGCMGCCGCGGTAA"	"VIC-MEL-RMH-051_B2_Rep2"	"Milk"	1	"A11"	"F1, R35"	"F1"	"R35"	"TAGATCGC"	"CATCAAGT"	"KN"	
"2241Rep2"	"TAGATCGCCGCTGATC"	"GGACTACNVGGGTWTCTAAT"	"GTGYCAGCMGCCGCGGTAA"	"QLD-BRI-MATER-074_V1_Rep2"	"Milk"	1	"A12"	"F1, R36"	"F1"	"R36"	"TAGATCGC"	"CGCTGATC"	"KN"	
1611	"TAGATCGCTCCTGAGC"	"GGACTACNVGGGTWTCTAAT"	"GTGYCAGCMGCCGCGGTAA"	"SA-ADEL-WCH-058_T3"	"Tongue"	1	"A4"	"F1, R4"	"F1"	"R4"	"TAGATCGC"	"TCCTGAGC"	"IK"	
1619	"TAGATCGCGGACTCCT"	"GGACTACNVGGGTWTCTAAT"	"GTGYCAGCMGCCGCGGTAA"	"NSW-SYD-CHW-041_T3"	"Tongue"	1	"A5"	"F1, R5"	"F1"	"R5"	"TAGATCGC"	"GGACTCCT"	"IK"	
2191	"TAGATCGCTAGGCATG"	"GGACTACNVGGGTWTCTAAT"	"GTGYCAGCMGCCGCGGTAA"	"SA-ADEL-WCH-011_B2"	"Milk"	1	"A6"	"F1, R6"	"F1"	"R6"	"TAGATCGC"	"TAGGCATG"	"KN"	
2199	"TAGATCGCCTCTCTAC"	"GGACTACNVGGGTWTCTAAT"	"GTGYCAGCMGCCGCGGTAA"	"SA-ADEL-WCH-070_V5"	"Milk"	1	"A7"	"F1, R7"	"F1"	"R7"	"TAGATCGC"	"CTCTCTAC"	"KN"	
2207	"TAGATCGCCAGAGAGG"	"GGACTACNVGGGTWTCTAAT"	"GTGYCAGCMGCCGCGGTAA"	"WA-PER-PMH-077_V3"	"Milk"	1	"A8"	"F1, R8"	"F1"	"R8"	"TAGATCGC"	"CAGAGAGG"	"KN"	
2215	"TAGATCGCGCTACGCT"	"GGACTACNVGGGTWTCTAAT"	"GTGYCAGCMGCCGCGGTAA"	"SA-ADEL-WCH-058_V2"	"Milk"	1	"A9"	"F1, R9"	"F1"	"R9"	"TAGATCGC"	"GCTACGCT"	"KN"	
2247	"GAGCTGAATAAGGCGA"	"GGACTACNVGGGTWTCTAAT"	"GTGYCAGCMGCCGCGGTAA"	"VIC-MEL-RMH-078_B2"	"Milk"	2	"B1"	"F10, R1"	"F10"	"R1"	"GAGCTGAA"	"TAAGGCGA"	"KN"	
"EB34"	"GAGCTGAACGAGGCTG"	"GGACTACNVGGGTWTCTAAT"	"GTGYCAGCMGCCGCGGTAA"	"Zymo Extraction Blank"	"Blank"	2	"B10"	"F10, R10"	"F10"	"R10"	"GAGCTGAA"	"CGAGGCTG"	"EB"	"Visible product after barcode PCR"
"EB42"	"GAGCTGAAAAGAGGCA"	"GGACTACNVGGGTWTCTAAT"	"GTGYCAGCMGCCGCGGTAA"	"NB PS vortex"	"Vaginal"	2	"B11"	"F10, R11"	"F10"	"R11"	"GAGCTGAA"	"AAGAGGCA"	"EB"	
"TA098"	"GAGCTGAAGTAGAGGA"	"GGACTACNVGGGTWTCTAAT"	"GTGYCAGCMGCCGCGGTAA"	"Mouse pancreas"	"Pancreas"	2	"B12"	"F10, R12"	"F10"	"R12"	"GAGCTGAA"	"GTAGAGGA"	"TA"	
2255	"GAGCTGAACGTACTAG"	"GGACTACNVGGGTWTCTAAT"	"GTGYCAGCMGCCGCGGTAA"	"SA-ADEL-WCH-011_V2"	"Milk"	2	"B2"	"F10, R2"	"F10"	"R2"	"GAGCTGAA"	"CGTACTAG"	"KN"	
"2247Rep2"	"GAGCTGAAGCGTAAGA"	"GGACTACNVGGGTWTCTAAT"	"GTGYCAGCMGCCGCGGTAA"	"VIC-MEL-RMH-078_B2_Rep2"	"Milk"	2	"B1"	"F10, R25"	"F10"	"R25"	"GAGCTGAA"	"GCGTAAGA "	"KN"	
"2255Rep2"	"GAGCTGAACGTCTAAT"	"GGACTACNVGGGTWTCTAAT"	"GTGYCAGCMGCCGCGGTAA"	"SA-ADEL-WCH-011_V2_Rep2"	"Milk"	2	"B2"	"F10, R26"	"F10"	"R26"	"GAGCTGAA"	"CGTCTAAT "	"KN"	
"2263Rep2"	"GAGCTGAATCTCTCCG"	"GGACTACNVGGGTWTCTAAT"	"GTGYCAGCMGCCGCGGTAA"	"NSW-SYD-STG-002_B2_Rep2"	"Milk"	2	"B3"	"F10, R27"	"F10"	"R27"	"GAGCTGAA"	"TCTCTCCG "	"KN"	
"2271Rep2"	"GAGCTGAATCGACTAG"	"GGACTACNVGGGTWTCTAAT"	"GTGYCAGCMGCCGCGGTAA"	"SA-ADEL-WCH-007_B2_Rep2"	"Milk"	2	"B4"	"F10, R28"	"F10"	"R28"	"GAGCTGAA"	"TCGACTAG "	"KN"	
"2279Rep2"	"GAGCTGAAAACGTGAT"	"GGACTACNVGGGTWTCTAAT"	"GTGYCAGCMGCCGCGGTAA"	"NSW-SYD-CHW-011_B1_Rep2"	"Milk"	2	"B5"	"F10, R29"	"F10"	"R29"	"GAGCTGAA"	"AACGTGAT"	"KN"	
2263	"GAGCTGAAAGGCAGAA"	"GGACTACNVGGGTWTCTAAT"	"GTGYCAGCMGCCGCGGTAA"	"NSW-SYD-STG-002_B2"	"Milk"	2	"B3"	"F10, R3"	"F10"	"R3"	"GAGCTGAA"	"AGGCAGAA"	"KN"	
"2287Rep2"	"GAGCTGAAAAACATCG"	"GGACTACNVGGGTWTCTAAT"	"GTGYCAGCMGCCGCGGTAA"	"SA-ADEL-WCH-054_V2_Rep2"	"Milk"	2	"B6"	"F10, R30"	"F10"	"R30"	"GAGCTGAA"	"AAACATCG"	"KN"	
"2295Rep2"	"GAGCTGAAAGTGGTCA"	"GGACTACNVGGGTWTCTAAT"	"GTGYCAGCMGCCGCGGTAA"	"VIC-MEL-RMH-074_V3_Rep2"	"Milk"	2	"B7"	"F10, R31"	"F10"	"R31"	"GAGCTGAA"	"AGTGGTCA"	"KN"	
"EB18Rep2"	"GAGCTGAAACCACTGT"	"GGACTACNVGGGTWTCTAAT"	"GTGYCAGCMGCCGCGGTAA"	"DH Zymo_Rep2"	"Buccal"	2	"B8"	"F10, R32"	"F10"	"R32"	"GAGCTGAA"	"ACCACTGT"	"EB"	
"EB26Rep2"	"GAGCTGAAACATTGGC"	"GGACTACNVGGGTWTCTAAT"	"GTGYCAGCMGCCGCGGTAA"	"DH Promega (swab)_Rep2"	"Buccal"	2	"B9"	"F10, R33"	"F10"	"R33"	"GAGCTGAA"	"ACATTGGC"	"EB"	
"EB34Rep2"	"GAGCTGAACAGATCTG"	"GGACTACNVGGGTWTCTAAT"	"GTGYCAGCMGCCGCGGTAA"	"Zymo Extraction Blank_Rep2"	"Blank"	2	"B10"	"F10, R34"	"F10"	"R34"	"GAGCTGAA"	"CAGATCTG"	"EB"	"Visible product after barcode PCR"
"EB42Rep2"	"GAGCTGAACATCAAGT"	"GGACTACNVGGGTWTCTAAT"	"GTGYCAGCMGCCGCGGTAA"	"NB PS vortex_Rep2"	"Vaginal"	2	"B11"	"F10, R35"	"F10"	"R35"	"GAGCTGAA"	"CATCAAGT"	"EB"	
"TA098Rep2"	"GAGCTGAACGCTGATC"	"GGACTACNVGGGTWTCTAAT"	"GTGYCAGCMGCCGCGGTAA"	"Mouse pancreas_Rep2"	"Pancreas"	2	"B12"	"F10, R36"	"F10"	"R36"	"GAGCTGAA"	"CGCTGATC"	"TA"	
2271	"GAGCTGAATCCTGAGC"	"GGACTACNVGGGTWTCTAAT"	"GTGYCAGCMGCCGCGGTAA"	"SA-ADEL-WCH-007_B2"	"Milk"	2	"B4"	"F10, R4"	"F10"	"R4"	"GAGCTGAA"	"TCCTGAGC"	"KN"	
2279	"GAGCTGAAGGACTCCT"	"GGACTACNVGGGTWTCTAAT"	"GTGYCAGCMGCCGCGGTAA"	"NSW-SYD-CHW-011_B1"	"Milk"	2	"B5"	"F10, R5"	"F10"	"R5"	"GAGCTGAA"	"GGACTCCT"	"KN"	
2287	"GAGCTGAATAGGCATG"	"GGACTACNVGGGTWTCTAAT"	"GTGYCAGCMGCCGCGGTAA"	"SA-ADEL-WCH-054_V2"	"Milk"	2	"B6"	"F10, R6"	"F10"	"R6"	"GAGCTGAA"	"TAGGCATG"	"KN"	
2295	"GAGCTGAACTCTCTAC"	"GGACTACNVGGGTWTCTAAT"	"GTGYCAGCMGCCGCGGTAA"	"VIC-MEL-RMH-074_V3"	"Milk"	2	"B7"	"F10, R7"	"F10"	"R7"	"GAGCTGAA"	"CTCTCTAC"	"KN"	
"EB18"	"GAGCTGAACAGAGAGG"	"GGACTACNVGGGTWTCTAAT"	"GTGYCAGCMGCCGCGGTAA"	"DH Zymo"	"Buccal"	2	"B8"	"F10, R8"	"F10"	"R8"	"GAGCTGAA"	"CAGAGAGG"	"EB"	
"EB26"	"GAGCTGAAGCTACGCT"	"GGACTACNVGGGTWTCTAAT"	"GTGYCAGCMGCCGCGGTAA"	"DH Promega (swab)"	"Buccal"	2	"B9"	"F10, R9"	"F10"	"R9"	"GAGCTGAA"	"GCTACGCT"	"EB"	
2248	"GCGAGTAATAAGGCGA"	"GGACTACNVGGGTWTCTAAT"	"GTGYCAGCMGCCGCGGTAA"	"VIC-MEL-RMH-052_V2"	"Milk"	2	"C1"	"F11, R1"	"F11"	"R1"	"GCGAGTAA"	"TAAGGCGA"	"KN"	
"EB35"	"GCGAGTAACGAGGCTG"	"GGACTACNVGGGTWTCTAAT"	"GTGYCAGCMGCCGCGGTAA"	"EB Promega (tip)"	"Vaginal"	2	"C10"	"F11, R10"	"F11"	"R10"	"GCGAGTAA"	"CGAGGCTG"	"EB"	
"EB43"	"GCGAGTAAAAGAGGCA"	"GGACTACNVGGGTWTCTAAT"	"GTGYCAGCMGCCGCGGTAA"	"PS vortex extraction blank"	"Blank"	2	"C11"	"F11, R11"	"F11"	"R11"	"GCGAGTAA"	"AAGAGGCA"	"EB"	
"TA099"	"GCGAGTAAGTAGAGGA"	"GGACTACNVGGGTWTCTAAT"	"GTGYCAGCMGCCGCGGTAA"	"Mouse pancreas"	"Pancreas"	2	"C12"	"F11, R12"	"F11"	"R12"	"GCGAGTAA"	"GTAGAGGA"	"TA"	
2256	"GCGAGTAACGTACTAG"	"GGACTACNVGGGTWTCTAAT"	"GTGYCAGCMGCCGCGGTAA"	"WA-PER-PMH-081_V3"	"Milk"	2	"C2"	"F11, R2"	"F11"	"R2"	"GCGAGTAA"	"CGTACTAG"	"KN"	
"2248Rep2"	"GCGAGTAAGCGTAAGA"	"GGACTACNVGGGTWTCTAAT"	"GTGYCAGCMGCCGCGGTAA"	"VIC-MEL-RMH-052_V2_Rep2"	"Milk"	2	"C1"	"F11, R25"	"F11"	"R25"	"GCGAGTAA"	"GCGTAAGA "	"KN"	
"2256Rep2"	"GCGAGTAACGTCTAAT"	"GGACTACNVGGGTWTCTAAT"	"GTGYCAGCMGCCGCGGTAA"	"WA-PER-PMH-081_V3_Rep2"	"Milk"	2	"C2"	"F11, R26"	"F11"	"R26"	"GCGAGTAA"	"CGTCTAAT "	"KN"	
"2264Rep2"	"GCGAGTAATCTCTCCG"	"GGACTACNVGGGTWTCTAAT"	"GTGYCAGCMGCCGCGGTAA"	"SA-ADEL-WCH-008_B2_Rep2"	"Milk"	2	"C3"	"F11, R27"	"F11"	"R27"	"GCGAGTAA"	"TCTCTCCG "	"KN"	
"2272Rep2"	"GCGAGTAATCGACTAG"	"GGACTACNVGGGTWTCTAAT"	"GTGYCAGCMGCCGCGGTAA"	"QLD-BRI-MATER-065_B2_Rep2"	"Milk"	2	"C4"	"F11, R28"	"F11"	"R28"	"GCGAGTAA"	"TCGACTAG "	"KN"	
"2280Rep2"	"GCGAGTAAAACGTGAT"	"GGACTACNVGGGTWTCTAAT"	"GTGYCAGCMGCCGCGGTAA"	"QLD-BRI-MATER-079_V1_Rep2"	"Milk"	2	"C5"	"F11, R29"	"F11"	"R29"	"GCGAGTAA"	"AACGTGAT"	"KN"	
2264	"GCGAGTAAAGGCAGAA"	"GGACTACNVGGGTWTCTAAT"	"GTGYCAGCMGCCGCGGTAA"	"SA-ADEL-WCH-008_B2"	"Milk"	2	"C3"	"F11, R3"	"F11"	"R3"	"GCGAGTAA"	"AGGCAGAA"	"KN"	
"2288Rep2"	"GCGAGTAAAAACATCG"	"GGACTACNVGGGTWTCTAAT"	"GTGYCAGCMGCCGCGGTAA"	"WA-PER-PMH-060_V3_Rep2"	"Milk"	2	"C6"	"F11, R30"	"F11"	"R30"	"GCGAGTAA"	"AAACATCG"	"KN"	
"2296Rep2"	"GCGAGTAAAGTGGTCA"	"GGACTACNVGGGTWTCTAAT"	"GTGYCAGCMGCCGCGGTAA"	"VIC-MEL-RMH-078_V3_Rep2"	"Milk"	2	"C7"	"F11, R31"	"F11"	"R31"	"GCGAGTAA"	"AGTGGTCA"	"KN"	
"EB19Rep2"	"GCGAGTAAACCACTGT"	"GGACTACNVGGGTWTCTAAT"	"GTGYCAGCMGCCGCGGTAA"	"NB Zymo_Rep2"	"Buccal"	2	"C8"	"F11, R32"	"F11"	"R32"	"GCGAGTAA"	"ACCACTGT"	"EB"	
"EB27Rep2"	"GCGAGTAAACATTGGC"	"GGACTACNVGGGTWTCTAAT"	"GTGYCAGCMGCCGCGGTAA"	"NB Promega (swab)_Rep2"	"Buccal"	2	"C9"	"F11, R33"	"F11"	"R33"	"GCGAGTAA"	"ACATTGGC"	"EB"	
"EB35Rep2"	"GCGAGTAACAGATCTG"	"GGACTACNVGGGTWTCTAAT"	"GTGYCAGCMGCCGCGGTAA"	"EB Promega (tip)_Rep2"	"Vaginal"	2	"C10"	"F11, R34"	"F11"	"R34"	"GCGAGTAA"	"CAGATCTG"	"EB"	
"EB43Rep2"	"GCGAGTAACATCAAGT"	"GGACTACNVGGGTWTCTAAT"	"GTGYCAGCMGCCGCGGTAA"	"PS vortex extraction blank_Rep2"	"Blank"	2	"C11"	"F11, R35"	"F11"	"R35"	"GCGAGTAA"	"CATCAAGT"	"EB"	
"TA099Rep2"	"GCGAGTAACGCTGATC"	"GGACTACNVGGGTWTCTAAT"	"GTGYCAGCMGCCGCGGTAA"	"Mouse pancreas_Rep2"	"Pancreas"	2	"C12"	"F11, R36"	"F11"	"R36"	"GCGAGTAA"	"CGCTGATC"	"TA"	
2272	"GCGAGTAATCCTGAGC"	"GGACTACNVGGGTWTCTAAT"	"GTGYCAGCMGCCGCGGTAA"	"QLD-BRI-MATER-065_B2"	"Milk"	2	"C4"	"F11, R4"	"F11"	"R4"	"GCGAGTAA"	"TCCTGAGC"	"KN"	
2280	"GCGAGTAAGGACTCCT"	"GGACTACNVGGGTWTCTAAT"	"GTGYCAGCMGCCGCGGTAA"	"QLD-BRI-MATER-079_V1"	"Milk"	2	"C5"	"F11, R5"	"F11"	"R5"	"GCGAGTAA"	"GGACTCCT"	"KN"	
2288	"GCGAGTAATAGGCATG"	"GGACTACNVGGGTWTCTAAT"	"GTGYCAGCMGCCGCGGTAA"	"WA-PER-PMH-060_V3"	"Milk"	2	"C6"	"F11, R6"	"F11"	"R6"	"GCGAGTAA"	"TAGGCATG"	"KN"	
2296	"GCGAGTAACTCTCTAC"	"GGACTACNVGGGTWTCTAAT"	"GTGYCAGCMGCCGCGGTAA"	"VIC-MEL-RMH-078_V3"	"Milk"	2	"C7"	"F11, R7"	"F11"	"R7"	"GCGAGTAA"	"CTCTCTAC"	"KN"	
"EB19"	"GCGAGTAACAGAGAGG"	"GGACTACNVGGGTWTCTAAT"	"GTGYCAGCMGCCGCGGTAA"	"NB Zymo"	"Buccal"	2	"C8"	"F11, R8"	"F11"	"R8"	"GCGAGTAA"	"CAGAGAGG"	"EB"	
"EB27"	"GCGAGTAAGCTACGCT"	"GGACTACNVGGGTWTCTAAT"	"GTGYCAGCMGCCGCGGTAA"	"NB Promega (swab)"	"Buccal"	2	"C9"	"F11, R9"	"F11"	"R9"	"GCGAGTAA"	"GCTACGCT"	"EB"	
2249	"TGAAGAGATAAGGCGA"	"GGACTACNVGGGTWTCTAAT"	"GTGYCAGCMGCCGCGGTAA"	"VIC-MEL-RMH-010_B2"	"Milk"	2	"D1"	"F12, R1"	"F12"	"R1"	"TGAAGAGA"	"TAAGGCGA"	"KN"	
"EB36"	"TGAAGAGACGAGGCTG"	"GGACTACNVGGGTWTCTAAT"	"GTGYCAGCMGCCGCGGTAA"	"NB Promega (tip)"	"Vaginal"	2	"D10"	"F12, R10"	"F12"	"R10"	"TGAAGAGA"	"CGAGGCTG"	"EB"	
"Empty1"	"TGAAGAGAAAGAGGCA"	"GGACTACNVGGGTWTCTAAT"	"GTGYCAGCMGCCGCGGTAA"	"Empty1"	"Empty"	2	"D11"	"F12, R11"	"F12"	"R11"	"TGAAGAGA"	"AAGAGGCA"	"KN"	
2257	"TGAAGAGACGTACTAG"	"GGACTACNVGGGTWTCTAAT"	"GTGYCAGCMGCCGCGGTAA"	"SA-ADEL-WCH-040_B2"	"Milk"	2	"D2"	"F12, R2"	"F12"	"R2"	"TGAAGAGA"	"CGTACTAG"	"KN"	
"2249Rep2"	"TGAAGAGAGCGTAAGA"	"GGACTACNVGGGTWTCTAAT"	"GTGYCAGCMGCCGCGGTAA"	"VIC-MEL-RMH-010_B2_Rep2"	"Milk"	2	"D1"	"F12, R25"	"F12"	"R25"	"TGAAGAGA"	"GCGTAAGA "	"KN"	
"2257Rep2"	"TGAAGAGACGTCTAAT"	"GGACTACNVGGGTWTCTAAT"	"GTGYCAGCMGCCGCGGTAA"	"SA-ADEL-WCH-040_B2_Rep2"	"Milk"	2	"D2"	"F12, R26"	"F12"	"R26"	"TGAAGAGA"	"CGTCTAAT "	"KN"	
"2265Rep2"	"TGAAGAGATCTCTCCG"	"GGACTACNVGGGTWTCTAAT"	"GTGYCAGCMGCCGCGGTAA"	"SA-ADEL-WCH-070_V2_Rep2"	"Milk"	2	"D3"	"F12, R27"	"F12"	"R27"	"TGAAGAGA"	"TCTCTCCG "	"KN"	
"2273Rep2"	"TGAAGAGATCGACTAG"	"GGACTACNVGGGTWTCTAAT"	"GTGYCAGCMGCCGCGGTAA"	"SA-ADEL-WCH-006_B2_Rep2"	"Milk"	2	"D4"	"F12, R28"	"F12"	"R28"	"TGAAGAGA"	"TCGACTAG "	"KN"	
"2281Rep2"	"TGAAGAGAAACGTGAT"	"GGACTACNVGGGTWTCTAAT"	"GTGYCAGCMGCCGCGGTAA"	"WA-PER-PMH-077_V2_Rep2"	"Milk"	2	"D5"	"F12, R29"	"F12"	"R29"	"TGAAGAGA"	"AACGTGAT"	"KN"	
2265	"TGAAGAGAAGGCAGAA"	"GGACTACNVGGGTWTCTAAT"	"GTGYCAGCMGCCGCGGTAA"	"SA-ADEL-WCH-070_V2"	"Milk"	2	"D3"	"F12, R3"	"F12"	"R3"	"TGAAGAGA"	"AGGCAGAA"	"KN"	
"2289Rep2"	"TGAAGAGAAAACATCG"	"GGACTACNVGGGTWTCTAAT"	"GTGYCAGCMGCCGCGGTAA"	"WA-PER-PMH-024_V1_Rep2"	"Milk"	2	"D6"	"F12, R30"	"F12"	"R30"	"TGAAGAGA"	"AAACATCG"	"KN"	
"2297Rep2"	"TGAAGAGAAGTGGTCA"	"GGACTACNVGGGTWTCTAAT"	"GTGYCAGCMGCCGCGGTAA"	"VIC-MEL-RMH-098_V1_Rep2"	"Milk"	2	"D7"	"F12, R31"	"F12"	"R31"	"TGAAGAGA"	"AGTGGTCA"	"KN"	
"EB20Rep2"	"TGAAGAGAACCACTGT"	"GGACTACNVGGGTWTCTAAT"	"GTGYCAGCMGCCGCGGTAA"	"KN Promega (tip)_Rep2"	"Buccal"	2	"D8"	"F12, R32"	"F12"	"R32"	"TGAAGAGA"	"ACCACTGT"	"EB"	
"EB28Rep2"	"TGAAGAGAACATTGGC"	"GGACTACNVGGGTWTCTAAT"	"GTGYCAGCMGCCGCGGTAA"	"KN PS vortex_Rep2"	"Buccal"	2	"D9"	"F12, R33"	"F12"	"R33"	"TGAAGAGA"	"ACATTGGC"	"EB"	
"EB36Rep2"	"TGAAGAGACAGATCTG"	"GGACTACNVGGGTWTCTAAT"	"GTGYCAGCMGCCGCGGTAA"	"NB Promega (tip)_Rep2"	"Vaginal"	2	"D10"	"F12, R34"	"F12"	"R34"	"TGAAGAGA"	"CAGATCTG"	"EB"	
"Empty1Rep2"	"TGAAGAGACATCAAGT"	"GGACTACNVGGGTWTCTAAT"	"GTGYCAGCMGCCGCGGTAA"	"Empty1_Rep2"	"Empty"	2	"D11"	"F12, R35"	"F12"	"R35"	"TGAAGAGA"	"CATCAAGT"	"KN"	
"TA100Rep2"	"TGAAGAGACGCTGATC"	"GGACTACNVGGGTWTCTAAT"	"GTGYCAGCMGCCGCGGTAA"	"Zymo Extraction Blank_Rep2"	"Blank?"	2	"D12"	"F12, R36"	"F12"	"R36"	"TGAAGAGA"	"CGCTGATC"	"TA"	
2273	"TGAAGAGATCCTGAGC"	"GGACTACNVGGGTWTCTAAT"	"GTGYCAGCMGCCGCGGTAA"	"SA-ADEL-WCH-006_B2"	"Milk"	2	"D4"	"F12, R4"	"F12"	"R4"	"TGAAGAGA"	"TCCTGAGC"	"KN"	
2281	"TGAAGAGAGGACTCCT"	"GGACTACNVGGGTWTCTAAT"	"GTGYCAGCMGCCGCGGTAA"	"WA-PER-PMH-077_V2"	"Milk"	2	"D5"	"F12, R5"	"F12"	"R5"	"TGAAGAGA"	"GGACTCCT"	"KN"	
2289	"TGAAGAGATAGGCATG"	"GGACTACNVGGGTWTCTAAT"	"GTGYCAGCMGCCGCGGTAA"	"WA-PER-PMH-024_V1"	"Milk"	2	"D6"	"F12, R6"	"F12"	"R6"	"TGAAGAGA"	"TAGGCATG"	"KN"	
2297	"TGAAGAGACTCTCTAC"	"GGACTACNVGGGTWTCTAAT"	"GTGYCAGCMGCCGCGGTAA"	"VIC-MEL-RMH-098_V1"	"Milk"	2	"D7"	"F12, R7"	"F12"	"R7"	"TGAAGAGA"	"CTCTCTAC"	"KN"	
"EB20"	"TGAAGAGACAGAGAGG"	"GGACTACNVGGGTWTCTAAT"	"GTGYCAGCMGCCGCGGTAA"	"KN Promega (tip)"	"Buccal"	2	"D8"	"F12, R8"	"F12"	"R8"	"TGAAGAGA"	"CAGAGAGG"	"EB"	
"EB28"	"TGAAGAGAGCTACGCT"	"GGACTACNVGGGTWTCTAAT"	"GTGYCAGCMGCCGCGGTAA"	"KN PS vortex"	"Buccal"	2	"D9"	"F12, R9"	"F12"	"R9"	"TGAAGAGA"	"GCTACGCT"	"EB"	
2250	"TGGTGGTATAAGGCGA"	"GGACTACNVGGGTWTCTAAT"	"GTGYCAGCMGCCGCGGTAA"	"QLD-BRI-MATER-117_V1"	"Milk"	2	"E1"	"F13, R1"	"F13"	"R1"	"TGGTGGTA"	"TAAGGCGA"	"KN"	
"EB37"	"TGGTGGTACGAGGCTG"	"GGACTACNVGGGTWTCTAAT"	"GTGYCAGCMGCCGCGGTAA"	"Promega Extraction Blank (tip)"	"Blank"	2	"E10"	"F13, R10"	"F13"	"R10"	"TGGTGGTA"	"CGAGGCTG"	"EB"	
"Empty2"	"TGGTGGTAAAGAGGCA"	"GGACTACNVGGGTWTCTAAT"	"GTGYCAGCMGCCGCGGTAA"	"Empty2"	"Empty"	2	"E11"	"F13, R11"	"F13"	"R11"	"TGGTGGTA"	"AAGAGGCA"	"KN"	
"TA101"	"TGGTGGTAGTAGAGGA"	"GGACTACNVGGGTWTCTAAT"	"GTGYCAGCMGCCGCGGTAA"	"Zymo Extraction Blank"	"Blank?"	2	"E12"	"F13, R12"	"F13"	"R12"	"TGGTGGTA"	"GTAGAGGA"	"TA"	
2258	"TGGTGGTACGTACTAG"	"GGACTACNVGGGTWTCTAAT"	"GTGYCAGCMGCCGCGGTAA"	"SA-ADEL-WCH-020_V1"	"Milk"	2	"E2"	"F13, R2"	"F13"	"R2"	"TGGTGGTA"	"CGTACTAG"	"KN"	
"2250Rep2"	"TGGTGGTAGCGTAAGA"	"GGACTACNVGGGTWTCTAAT"	"GTGYCAGCMGCCGCGGTAA"	"QLD-BRI-MATER-117_V1_Rep2"	"Milk"	2	"E1"	"F13, R25"	"F13"	"R25"	"TGGTGGTA"	"GCGTAAGA "	"KN"	
"2258Rep2"	"TGGTGGTACGTCTAAT"	"GGACTACNVGGGTWTCTAAT"	"GTGYCAGCMGCCGCGGTAA"	"SA-ADEL-WCH-020_V1_Rep2"	"Milk"	2	"E2"	"F13, R26"	"F13"	"R26"	"TGGTGGTA"	"CGTCTAAT "	"KN"	
"2266Rep2"	"TGGTGGTATCTCTCCG"	"GGACTACNVGGGTWTCTAAT"	"GTGYCAGCMGCCGCGGTAA"	"SA-ADEL-WCH-062_B2_Rep2"	"Milk"	2	"E3"	"F13, R27"	"F13"	"R27"	"TGGTGGTA"	"TCTCTCCG "	"KN"	
"2274Rep2"	"TGGTGGTATCGACTAG"	"GGACTACNVGGGTWTCTAAT"	"GTGYCAGCMGCCGCGGTAA"	"SA-ADEL-WCH-003_V1_Rep2"	"Milk"	2	"E4"	"F13, R28"	"F13"	"R28"	"TGGTGGTA"	"TCGACTAG "	"KN"	
"2282Rep2"	"TGGTGGTAAACGTGAT"	"GGACTACNVGGGTWTCTAAT"	"GTGYCAGCMGCCGCGGTAA"	"NSW-SYD-RHW_011_V4_Rep2"	"Milk"	2	"E5"	"F13, R29"	"F13"	"R29"	"TGGTGGTA"	"AACGTGAT"	"KN"	
2266	"TGGTGGTAAGGCAGAA"	"GGACTACNVGGGTWTCTAAT"	"GTGYCAGCMGCCGCGGTAA"	"SA-ADEL-WCH-062_B2"	"Milk"	2	"E3"	"F13, R3"	"F13"	"R3"	"TGGTGGTA"	"AGGCAGAA"	"KN"	
"2290Rep2"	"TGGTGGTAAAACATCG"	"GGACTACNVGGGTWTCTAAT"	"GTGYCAGCMGCCGCGGTAA"	"WA-PER-PMH-014_V3_Rep2"	"Milk"	2	"E6"	"F13, R30"	"F13"	"R30"	"TGGTGGTA"	"AAACATCG"	"KN"	
"2298Rep2"	"TGGTGGTAAGTGGTCA"	"GGACTACNVGGGTWTCTAAT"	"GTGYCAGCMGCCGCGGTAA"	"VIC-MEL-RMH-116_V2_Rep2"	"Milk"	2	"E7"	"F13, R31"	"F13"	"R31"	"TGGTGGTA"	"AGTGGTCA"	"KN"	
"EB21Rep2"	"TGGTGGTAACCACTGT"	"GGACTACNVGGGTWTCTAAT"	"GTGYCAGCMGCCGCGGTAA"	"AN Promega (tip)_Rep2"	"Buccal"	2	"E8"	"F13, R32"	"F13"	"R32"	"TGGTGGTA"	"ACCACTGT"	"EB"	
"EB29Rep2"	"TGGTGGTAACATTGGC"	"GGACTACNVGGGTWTCTAAT"	"GTGYCAGCMGCCGCGGTAA"	"AN PS vortex_Rep2"	"Buccal"	2	"E9"	"F13, R33"	"F13"	"R33"	"TGGTGGTA"	"ACATTGGC"	"EB"	
"EB37Rep2"	"TGGTGGTACAGATCTG"	"GGACTACNVGGGTWTCTAAT"	"GTGYCAGCMGCCGCGGTAA"	"Promega Extraction Blank (tip)_Rep2"	"Blank"	2	"E10"	"F13, R34"	"F13"	"R34"	"TGGTGGTA"	"CAGATCTG"	"EB"	
"Empty2Rep2"	"TGGTGGTACATCAAGT"	"GGACTACNVGGGTWTCTAAT"	"GTGYCAGCMGCCGCGGTAA"	"Empty2_Rep2"	"Empty"	2	"E11"	"F13, R35"	"F13"	"R35"	"TGGTGGTA"	"CATCAAGT"	"KN"	
"TA101Rep2"	"TGGTGGTACGCTGATC"	"GGACTACNVGGGTWTCTAAT"	"GTGYCAGCMGCCGCGGTAA"	"Zymo Extraction Blank_Rep2"	"Blank?"	2	"E12"	"F13, R36"	"F13"	"R36"	"TGGTGGTA"	"CGCTGATC"	"TA"	
2274	"TGGTGGTATCCTGAGC"	"GGACTACNVGGGTWTCTAAT"	"GTGYCAGCMGCCGCGGTAA"	"SA-ADEL-WCH-003_V1"	"Milk"	2	"E4"	"F13, R4"	"F13"	"R4"	"TGGTGGTA"	"TCCTGAGC"	"KN"	
2282	"TGGTGGTAGGACTCCT"	"GGACTACNVGGGTWTCTAAT"	"GTGYCAGCMGCCGCGGTAA"	"NSW-SYD-RHW_011_V4"	"Milk"	2	"E5"	"F13, R5"	"F13"	"R5"	"TGGTGGTA"	"GGACTCCT"	"KN"	
2290	"TGGTGGTATAGGCATG"	"GGACTACNVGGGTWTCTAAT"	"GTGYCAGCMGCCGCGGTAA"	"WA-PER-PMH-014_V3"	"Milk"	2	"E6"	"F13, R6"	"F13"	"R6"	"TGGTGGTA"	"TAGGCATG"	"KN"	
2298	"TGGTGGTACTCTCTAC"	"GGACTACNVGGGTWTCTAAT"	"GTGYCAGCMGCCGCGGTAA"	"VIC-MEL-RMH-116_V2"	"Milk"	2	"E7"	"F13, R7"	"F13"	"R7"	"TGGTGGTA"	"CTCTCTAC"	"KN"	
"EB21"	"TGGTGGTACAGAGAGG"	"GGACTACNVGGGTWTCTAAT"	"GTGYCAGCMGCCGCGGTAA"	"AN Promega (tip)"	"Buccal"	2	"E8"	"F13, R8"	"F13"	"R8"	"TGGTGGTA"	"CAGAGAGG"	"EB"	
"EB29"	"TGGTGGTAGCTACGCT"	"GGACTACNVGGGTWTCTAAT"	"GTGYCAGCMGCCGCGGTAA"	"AN PS vortex"	"Buccal"	2	"E9"	"F13, R9"	"F13"	"R9"	"TGGTGGTA"	"GCTACGCT"	"EB"	
2251	"TTCACGCATAAGGCGA"	"GGACTACNVGGGTWTCTAAT"	"GTGYCAGCMGCCGCGGTAA"	"QLD-BRI-MATER-130_B2"	"Milk"	2	"F1"	"F14, R1"	"F14"	"R1"	"TTCACGCA"	"TAAGGCGA"	"KN"	
"EB38"	"TTCACGCACGAGGCTG"	"GGACTACNVGGGTWTCTAAT"	"GTGYCAGCMGCCGCGGTAA"	"EB Promega (swab)"	"Vaginal"	2	"F10"	"F14, R10"	"F14"	"R10"	"TTCACGCA"	"CGAGGCTG"	"EB"	
"H2O"	"TTCACGCAAAGAGGCA"	"GGACTACNVGGGTWTCTAAT"	"GTGYCAGCMGCCGCGGTAA"	"Water Control for 16S PCR#2"	"Blank"	2	"F11"	"F14, R11"	"F14"	"R11"	"TTCACGCA"	"AAGAGGCA"	"KN"	
"TA102"	"TTCACGCAGTAGAGGA"	"GGACTACNVGGGTWTCTAAT"	"GTGYCAGCMGCCGCGGTAA"	"Zymo Extraction Blank"	"Blank?"	2	"F12"	"F14, R12"	"F14"	"R12"	"TTCACGCA"	"GTAGAGGA"	"TA"	
2259	"TTCACGCACGTACTAG"	"GGACTACNVGGGTWTCTAAT"	"GTGYCAGCMGCCGCGGTAA"	"WA-PER-PMH-110_B2"	"Milk"	2	"F2"	"F14, R2"	"F14"	"R2"	"TTCACGCA"	"CGTACTAG"	"KN"	
"2251Rep2"	"TTCACGCAGCGTAAGA"	"GGACTACNVGGGTWTCTAAT"	"GTGYCAGCMGCCGCGGTAA"	"QLD-BRI-MATER-130_B2_Rep2"	"Milk"	2	"F1"	"F14, R25"	"F14"	"R25"	"TTCACGCA"	"GCGTAAGA "	"KN"	
"2259Rep2"	"TTCACGCACGTCTAAT"	"GGACTACNVGGGTWTCTAAT"	"GTGYCAGCMGCCGCGGTAA"	"WA-PER-PMH-110_B2_Rep2"	"Milk"	2	"F2"	"F14, R26"	"F14"	"R26"	"TTCACGCA"	"CGTCTAAT "	"KN"	
"2267Rep2"	"TTCACGCATCTCTCCG"	"GGACTACNVGGGTWTCTAAT"	"GTGYCAGCMGCCGCGGTAA"	"Mock Sample_Rep2"	"Blank"	2	"F3"	"F14, R27"	"F14"	"R27"	"TTCACGCA"	"TCTCTCCG "	"KN"	
"2275Rep2"	"TTCACGCATCGACTAG"	"GGACTACNVGGGTWTCTAAT"	"GTGYCAGCMGCCGCGGTAA"	"NSW-SYD-RHW-006_B2_Rep2"	"Milk"	2	"F4"	"F14, R28"	"F14"	"R28"	"TTCACGCA"	"TCGACTAG "	"KN"	
"2283Rep2"	"TTCACGCAAACGTGAT"	"GGACTACNVGGGTWTCTAAT"	"GTGYCAGCMGCCGCGGTAA"	"SA-ADEL-WCH-070_B2_Rep2"	"Milk"	2	"F5"	"F14, R29"	"F14"	"R29"	"TTCACGCA"	"AACGTGAT"	"KN"	
2267	"TTCACGCAAGGCAGAA"	"GGACTACNVGGGTWTCTAAT"	"GTGYCAGCMGCCGCGGTAA"	"Mock Sample"	"Blank"	2	"F3"	"F14, R3"	"F14"	"R3"	"TTCACGCA"	"AGGCAGAA"	"KN"	
"2291Rep2"	"TTCACGCAAAACATCG"	"GGACTACNVGGGTWTCTAAT"	"GTGYCAGCMGCCGCGGTAA"	"WA-PER-PMH-044_B2_Rep2"	"Milk"	2	"F6"	"F14, R30"	"F14"	"R30"	"TTCACGCA"	"AAACATCG"	"KN"	
"2299Rep2"	"TTCACGCAAGTGGTCA"	"GGACTACNVGGGTWTCTAAT"	"GTGYCAGCMGCCGCGGTAA"	"VIC-MEL-RMH-074_V4_Rep2"	"Milk"	2	"F7"	"F14, R31"	"F14"	"R31"	"TTCACGCA"	"AGTGGTCA"	"KN"	
"EB22Rep2"	"TTCACGCAACCACTGT"	"GGACTACNVGGGTWTCTAAT"	"GTGYCAGCMGCCGCGGTAA"	"DH Promega (tip)_Rep2"	"Buccal"	2	"F8"	"F14, R32"	"F14"	"R32"	"TTCACGCA"	"ACCACTGT"	"EB"	
"EB30Rep2"	"TTCACGCAACATTGGC"	"GGACTACNVGGGTWTCTAAT"	"GTGYCAGCMGCCGCGGTAA"	"DH PS vortex_Rep2"	"Buccal"	2	"F9"	"F14, R33"	"F14"	"R33"	"TTCACGCA"	"ACATTGGC"	"EB"	
"EB38Rep2"	"TTCACGCACAGATCTG"	"GGACTACNVGGGTWTCTAAT"	"GTGYCAGCMGCCGCGGTAA"	"EB Promega (swab)_Rep2"	"Vaginal"	2	"F10"	"F14, R34"	"F14"	"R34"	"TTCACGCA"	"CAGATCTG"	"EB"	
"H2ORep2"	"TTCACGCACATCAAGT"	"GGACTACNVGGGTWTCTAAT"	"GTGYCAGCMGCCGCGGTAA"	"Water Control for 16S PCR#2_Rep2"	"Blank"	2	"F11"	"F14, R35"	"F14"	"R35"	"TTCACGCA"	"CATCAAGT"	"KN"	
"TA102Rep2"	"TTCACGCACGCTGATC"	"GGACTACNVGGGTWTCTAAT"	"GTGYCAGCMGCCGCGGTAA"	"Zymo Extraction Blank_Rep2"	"Blank?"	2	"F12"	"F14, R36"	"F14"	"R36"	"TTCACGCA"	"CGCTGATC"	"TA"	
2275	"TTCACGCATCCTGAGC"	"GGACTACNVGGGTWTCTAAT"	"GTGYCAGCMGCCGCGGTAA"	"NSW-SYD-RHW-006_B2"	"Milk"	2	"F4"	"F14, R4"	"F14"	"R4"	"TTCACGCA"	"TCCTGAGC"	"KN"	
2283	"TTCACGCAGGACTCCT"	"GGACTACNVGGGTWTCTAAT"	"GTGYCAGCMGCCGCGGTAA"	"SA-ADEL-WCH-070_B2"	"Milk"	2	"F5"	"F14, R5"	"F14"	"R5"	"TTCACGCA"	"GGACTCCT"	"KN"	
2291	"TTCACGCATAGGCATG"	"GGACTACNVGGGTWTCTAAT"	"GTGYCAGCMGCCGCGGTAA"	"WA-PER-PMH-044_B2"	"Milk"	2	"F6"	"F14, R6"	"F14"	"R6"	"TTCACGCA"	"TAGGCATG"	"KN"	
2299	"TTCACGCACTCTCTAC"	"GGACTACNVGGGTWTCTAAT"	"GTGYCAGCMGCCGCGGTAA"	"VIC-MEL-RMH-074_V4"	"Milk"	2	"F7"	"F14, R7"	"F14"	"R7"	"TTCACGCA"	"CTCTCTAC"	"KN"	
"EB22"	"TTCACGCACAGAGAGG"	"GGACTACNVGGGTWTCTAAT"	"GTGYCAGCMGCCGCGGTAA"	"DH Promega (tip)"	"Buccal"	2	"F8"	"F14, R8"	"F14"	"R8"	"TTCACGCA"	"CAGAGAGG"	"EB"	
"EB30"	"TTCACGCAGCTACGCT"	"GGACTACNVGGGTWTCTAAT"	"GTGYCAGCMGCCGCGGTAA"	"DH PS vortex"	"Buccal"	2	"F9"	"F14, R9"	"F14"	"R9"	"TTCACGCA"	"GCTACGCT"	"EB"	
2252	"AGCACCTCTAAGGCGA"	"GGACTACNVGGGTWTCTAAT"	"GTGYCAGCMGCCGCGGTAA"	"QLD-BRI-MATER-063_V1"	"Milk"	2	"G1"	"F15, R1"	"F15"	"R1"	"AGCACCTC"	"TAAGGCGA"	"KN"	
"EB39"	"AGCACCTCCGAGGCTG"	"GGACTACNVGGGTWTCTAAT"	"GTGYCAGCMGCCGCGGTAA"	"NB Promega (swab)"	"Vaginal"	2	"G10"	"F15, R10"	"F15"	"R10"	"AGCACCTC"	"CGAGGCTG"	"EB"	
"ZRStd"	"AGCACCTCAAGAGGCA"	"GGACTACNVGGGTWTCTAAT"	"GTGYCAGCMGCCGCGGTAA"	"ZR Microbial DNA Standard, 5ng"	"Standard"	2	"G11"	"F15, R11"	"F15"	"R11"	"AGCACCTC"	"AAGAGGCA"	"AS"	
"TA103"	"AGCACCTCGTAGAGGA"	"GGACTACNVGGGTWTCTAAT"	"GTGYCAGCMGCCGCGGTAA"	"Zymo Extraction Blank"	"Blank?"	2	"G12"	"F15, R12"	"F15"	"R12"	"AGCACCTC"	"GTAGAGGA"	"TA"	"Visible product after barcode PCR"
2260	"AGCACCTCCGTACTAG"	"GGACTACNVGGGTWTCTAAT"	"GTGYCAGCMGCCGCGGTAA"	"SA-ADEL-WCH-011_V3"	"Milk"	2	"G2"	"F15, R2"	"F15"	"R2"	"AGCACCTC"	"CGTACTAG"	"KN"	
"2252Rep2"	"AGCACCTCGCGTAAGA"	"GGACTACNVGGGTWTCTAAT"	"GTGYCAGCMGCCGCGGTAA"	"QLD-BRI-MATER-063_V1_Rep2"	"Milk"	2	"G1"	"F15, R25"	"F15"	"R25"	"AGCACCTC"	"GCGTAAGA "	"KN"	
"2260Rep2"	"AGCACCTCCGTCTAAT"	"GGACTACNVGGGTWTCTAAT"	"GTGYCAGCMGCCGCGGTAA"	"SA-ADEL-WCH-011_V3_Rep2"	"Milk"	2	"G2"	"F15, R26"	"F15"	"R26"	"AGCACCTC"	"CGTCTAAT "	"KN"	
"2268Rep2"	"AGCACCTCTCTCTCCG"	"GGACTACNVGGGTWTCTAAT"	"GTGYCAGCMGCCGCGGTAA"	"SA-ADEL-WCH-040_V2_Rep2"	"Milk"	2	"G3"	"F15, R27"	"F15"	"R27"	"AGCACCTC"	"TCTCTCCG "	"KN"	
"2276Rep2"	"AGCACCTCTCGACTAG"	"GGACTACNVGGGTWTCTAAT"	"GTGYCAGCMGCCGCGGTAA"	"NSW-SYD-STG-009_B2_Rep2"	"Milk"	2	"G4"	"F15, R28"	"F15"	"R28"	"AGCACCTC"	"TCGACTAG "	"KN"	
"2284Rep2"	"AGCACCTCAACGTGAT"	"GGACTACNVGGGTWTCTAAT"	"GTGYCAGCMGCCGCGGTAA"	"NSW-SYD-STG-002_V3_Rep2"	"Milk"	2	"G5"	"F15, R29"	"F15"	"R29"	"AGCACCTC"	"AACGTGAT"	"KN"	
2268	"AGCACCTCAGGCAGAA"	"GGACTACNVGGGTWTCTAAT"	"GTGYCAGCMGCCGCGGTAA"	"SA-ADEL-WCH-040_V2"	"Milk"	2	"G3"	"F15, R3"	"F15"	"R3"	"AGCACCTC"	"AGGCAGAA"	"KN"	
"2292Rep2"	"AGCACCTCAAACATCG"	"GGACTACNVGGGTWTCTAAT"	"GTGYCAGCMGCCGCGGTAA"	"VIC-MEL-RMH-017_B2_Rep2"	"Milk"	2	"G6"	"F15, R30"	"F15"	"R30"	"AGCACCTC"	"AAACATCG"	"KN"	
"2300Rep2"	"AGCACCTCAGTGGTCA"	"GGACTACNVGGGTWTCTAAT"	"GTGYCAGCMGCCGCGGTAA"	"VIC-MEL-RMH-116_V3_Rep2"	"Milk"	2	"G7"	"F15, R31"	"F15"	"R31"	"AGCACCTC"	"AGTGGTCA"	"KN"	
"EB23Rep2"	"AGCACCTCACCACTGT"	"GGACTACNVGGGTWTCTAAT"	"GTGYCAGCMGCCGCGGTAA"	"NB Promega (tip)_Rep2"	"Buccal"	2	"G8"	"F15, R32"	"F15"	"R32"	"AGCACCTC"	"ACCACTGT"	"EB"	
"EB31Rep2"	"AGCACCTCACATTGGC"	"GGACTACNVGGGTWTCTAAT"	"GTGYCAGCMGCCGCGGTAA"	"NB PS vortex_Rep2"	"Buccal"	2	"G9"	"F15, R33"	"F15"	"R33"	"AGCACCTC"	"ACATTGGC"	"EB"	
"EB39Rep2"	"AGCACCTCCAGATCTG"	"GGACTACNVGGGTWTCTAAT"	"GTGYCAGCMGCCGCGGTAA"	"NB Promega (swab)_Rep2"	"Vaginal"	2	"G10"	"F15, R34"	"F15"	"R34"	"AGCACCTC"	"CAGATCTG"	"EB"	
"ZRStdRep2"	"AGCACCTCCATCAAGT"	"GGACTACNVGGGTWTCTAAT"	"GTGYCAGCMGCCGCGGTAA"	"ZR Microbial DNA Standard, 5ng_Rep2"	"Standard"	2	"G11"	"F15, R35"	"F15"	"R35"	"AGCACCTC"	"CATCAAGT"	"AS"	
"TA103Rep2"	"AGCACCTCCGCTGATC"	"GGACTACNVGGGTWTCTAAT"	"GTGYCAGCMGCCGCGGTAA"	"Zymo Extraction Blank_Rep2"	"Blank?"	2	"G12"	"F15, R36"	"F15"	"R36"	"AGCACCTC"	"CGCTGATC"	"TA"	"Visible product after barcode PCR"
2276	"AGCACCTCTCCTGAGC"	"GGACTACNVGGGTWTCTAAT"	"GTGYCAGCMGCCGCGGTAA"	"NSW-SYD-STG-009_B2"	"Milk"	2	"G4"	"F15, R4"	"F15"	"R4"	"AGCACCTC"	"TCCTGAGC"	"KN"	
2284	"AGCACCTCGGACTCCT"	"GGACTACNVGGGTWTCTAAT"	"GTGYCAGCMGCCGCGGTAA"	"NSW-SYD-STG-002_V3"	"Milk"	2	"G5"	"F15, R5"	"F15"	"R5"	"AGCACCTC"	"GGACTCCT"	"KN"	
2292	"AGCACCTCTAGGCATG"	"GGACTACNVGGGTWTCTAAT"	"GTGYCAGCMGCCGCGGTAA"	"VIC-MEL-RMH-017_B2"	"Milk"	2	"G6"	"F15, R6"	"F15"	"R6"	"AGCACCTC"	"TAGGCATG"	"KN"	
2300	"AGCACCTCCTCTCTAC"	"GGACTACNVGGGTWTCTAAT"	"GTGYCAGCMGCCGCGGTAA"	"VIC-MEL-RMH-116_V3"	"Milk"	2	"G7"	"F15, R7"	"F15"	"R7"	"AGCACCTC"	"CTCTCTAC"	"KN"	
"EB23"	"AGCACCTCCAGAGAGG"	"GGACTACNVGGGTWTCTAAT"	"GTGYCAGCMGCCGCGGTAA"	"NB Promega (tip)"	"Buccal"	2	"G8"	"F15, R8"	"F15"	"R8"	"AGCACCTC"	"CAGAGAGG"	"EB"	
"EB31"	"AGCACCTCGCTACGCT"	"GGACTACNVGGGTWTCTAAT"	"GTGYCAGCMGCCGCGGTAA"	"NB PS vortex"	"Buccal"	2	"G9"	"F15, R9"	"F15"	"R9"	"AGCACCTC"	"GCTACGCT"	"EB"	
2253	"CAAGGAGCTAAGGCGA"	"GGACTACNVGGGTWTCTAAT"	"GTGYCAGCMGCCGCGGTAA"	"WA-PER-PMH-015_B2"	"Milk"	2	"H1"	"F16, R1"	"F16"	"R1"	"CAAGGAGC"	"TAAGGCGA"	"KN"	
"EB40"	"CAAGGAGCCGAGGCTG"	"GGACTACNVGGGTWTCTAAT"	"GTGYCAGCMGCCGCGGTAA"	"Promega Extraction Blank (swab)"	"Blank"	2	"H10"	"F16, R10"	"F16"	"R10"	"CAAGGAGC"	"CGAGGCTG"	"EB"	
"NTC"	"CAAGGAGCAAGAGGCA"	"GGACTACNVGGGTWTCTAAT"	"GTGYCAGCMGCCGCGGTAA"	"No template control, 16S PCR#1"	"Blank"	2	"H11"	"F16, R11"	"F16"	"R11"	"CAAGGAGC"	"AAGAGGCA"	"AS"	
"NTC2"	"CAAGGAGCGTAGAGGA"	"GGACTACNVGGGTWTCTAAT"	"GTGYCAGCMGCCGCGGTAA"	"No template control, 16S PCR#1"	"Blank"	2	"H12"	"F16, R12"	"F16"	"R12"	"CAAGGAGC"	"GTAGAGGA"	"NA"	
2261	"CAAGGAGCCGTACTAG"	"GGACTACNVGGGTWTCTAAT"	"GTGYCAGCMGCCGCGGTAA"	"WA-PER-PMH-110_V1"	"Milk"	2	"H2"	"F16, R2"	"F16"	"R2"	"CAAGGAGC"	"CGTACTAG"	"KN"	
"2253Rep2"	"CAAGGAGCGCGTAAGA"	"GGACTACNVGGGTWTCTAAT"	"GTGYCAGCMGCCGCGGTAA"	"WA-PER-PMH-015_B2_Rep2"	"Milk"	2	"H1"	"F16, R25"	"F16"	"R25"	"CAAGGAGC"	"GCGTAAGA "	"KN"	
"2261Rep2"	"CAAGGAGCCGTCTAAT"	"GGACTACNVGGGTWTCTAAT"	"GTGYCAGCMGCCGCGGTAA"	"WA-PER-PMH-110_V1_Rep2"	"Milk"	2	"H2"	"F16, R26"	"F16"	"R26"	"CAAGGAGC"	"CGTCTAAT "	"KN"	
"2269Rep2"	"CAAGGAGCTCTCTCCG"	"GGACTACNVGGGTWTCTAAT"	"GTGYCAGCMGCCGCGGTAA"	"SA-ADEL-WCH-054_B2_Rep2"	"Milk"	2	"H3"	"F16, R27"	"F16"	"R27"	"CAAGGAGC"	"TCTCTCCG "	"KN"	
"2277Rep2"	"CAAGGAGCTCGACTAG"	"GGACTACNVGGGTWTCTAAT"	"GTGYCAGCMGCCGCGGTAA"	"NSW-SYD-CHW-007_V3_Rep2"	"Milk"	2	"H4"	"F16, R28"	"F16"	"R28"	"CAAGGAGC"	"TCGACTAG "	"KN"	
"2285Rep2"	"CAAGGAGCAACGTGAT"	"GGACTACNVGGGTWTCTAAT"	"GTGYCAGCMGCCGCGGTAA"	"SA-ADEL-WCH-067_V1_Rep2"	"Milk"	2	"H5"	"F16, R29"	"F16"	"R29"	"CAAGGAGC"	"AACGTGAT"	"KN"	
2269	"CAAGGAGCAGGCAGAA"	"GGACTACNVGGGTWTCTAAT"	"GTGYCAGCMGCCGCGGTAA"	"SA-ADEL-WCH-054_B2"	"Milk"	2	"H3"	"F16, R3"	"F16"	"R3"	"CAAGGAGC"	"AGGCAGAA"	"KN"	
"2293Rep2"	"CAAGGAGCAAACATCG"	"GGACTACNVGGGTWTCTAAT"	"GTGYCAGCMGCCGCGGTAA"	"WA-PER-PMH-046_B2_Rep2"	"Milk"	2	"H6"	"F16, R30"	"F16"	"R30"	"CAAGGAGC"	"AAACATCG"	"KN"	
"EB16Rep2"	"CAAGGAGCAGTGGTCA"	"GGACTACNVGGGTWTCTAAT"	"GTGYCAGCMGCCGCGGTAA"	"KN Zymo_Rep2"	"Buccal"	2	"H7"	"F16, R31"	"F16"	"R31"	"CAAGGAGC"	"AGTGGTCA"	"EB"	
"EB24Rep2"	"CAAGGAGCACCACTGT"	"GGACTACNVGGGTWTCTAAT"	"GTGYCAGCMGCCGCGGTAA"	"KN Promega (swab)_Rep2"	"Buccal"	2	"H8"	"F16, R32"	"F16"	"R32"	"CAAGGAGC"	"ACCACTGT"	"EB"	
"EB32Rep2"	"CAAGGAGCACATTGGC"	"GGACTACNVGGGTWTCTAAT"	"GTGYCAGCMGCCGCGGTAA"	"EB Zymo_Rep2"	"Vaginal"	2	"H9"	"F16, R33"	"F16"	"R33"	"CAAGGAGC"	"ACATTGGC"	"EB"	
"EB40Rep2"	"CAAGGAGCCAGATCTG"	"GGACTACNVGGGTWTCTAAT"	"GTGYCAGCMGCCGCGGTAA"	"Promega Extraction Blank (swab)_Rep2"	"Blank"	2	"H10"	"F16, R34"	"F16"	"R34"	"CAAGGAGC"	"CAGATCTG"	"EB"	
"NTC2Rep2"	"CAAGGAGCCATCAAGT"	"GGACTACNVGGGTWTCTAAT"	"GTGYCAGCMGCCGCGGTAA"	"No template control, 16S PCR#1_Rep2"	"Blank"	2	"H11"	"F16, R35"	"F16"	"R35"	"CAAGGAGC"	"CATCAAGT"	"AS"	
"NTC3Rep2"	"CAAGGAGCCGCTGATC"	"GGACTACNVGGGTWTCTAAT"	"GTGYCAGCMGCCGCGGTAA"	"No template control, 16S PCR#1_Rep2"	"Blank"	2	"H12"	"F16, R36"	"F16"	"R36"	"CAAGGAGC"	"CGCTGATC"	"NA"	
2277	"CAAGGAGCTCCTGAGC"	"GGACTACNVGGGTWTCTAAT"	"GTGYCAGCMGCCGCGGTAA"	"NSW-SYD-CHW-007_V3"	"Milk"	2	"H4"	"F16, R4"	"F16"	"R4"	"CAAGGAGC"	"TCCTGAGC"	"KN"	
2285	"CAAGGAGCGGACTCCT"	"GGACTACNVGGGTWTCTAAT"	"GTGYCAGCMGCCGCGGTAA"	"SA-ADEL-WCH-067_V1"	"Milk"	2	"H5"	"F16, R5"	"F16"	"R5"	"CAAGGAGC"	"GGACTCCT"	"KN"	
2293	"CAAGGAGCTAGGCATG"	"GGACTACNVGGGTWTCTAAT"	"GTGYCAGCMGCCGCGGTAA"	"WA-PER-PMH-046_B2"	"Milk"	2	"H6"	"F16, R6"	"F16"	"R6"	"CAAGGAGC"	"TAGGCATG"	"KN"	
"EB16"	"CAAGGAGCCTCTCTAC"	"GGACTACNVGGGTWTCTAAT"	"GTGYCAGCMGCCGCGGTAA"	"KN Zymo"	"Buccal"	2	"H7"	"F16, R7"	"F16"	"R7"	"CAAGGAGC"	"CTCTCTAC"	"EB"	
"EB24"	"CAAGGAGCCAGAGAGG"	"GGACTACNVGGGTWTCTAAT"	"GTGYCAGCMGCCGCGGTAA"	"KN Promega (swab)"	"Buccal"	2	"H8"	"F16, R8"	"F16"	"R8"	"CAAGGAGC"	"CAGAGAGG"	"EB"	
"EB32"	"CAAGGAGCGCTACGCT"	"GGACTACNVGGGTWTCTAAT"	"GTGYCAGCMGCCGCGGTAA"	"EB Zymo"	"Vaginal"	2	"H9"	"F16, R9"	"F16"	"R9"	"CAAGGAGC"	"GCTACGCT"	"EB"	
"TA001"	"ATTGGCTCTAAGGCGA"	"GGACTACNVGGGTWTCTAAT"	"GTGYCAGCMGCCGCGGTAA"	"Mouse pancreas"	"Pancreas"	3	"A1"	"F17, R1"	"F17"	"R1"	"ATTGGCTC"	"TAAGGCGA"	"TA"	
"TA073"	"ATTGGCTCCGAGGCTG"	"GGACTACNVGGGTWTCTAAT"	"GTGYCAGCMGCCGCGGTAA"	"Mouse pancreas"	"Pancreas"	3	"A10"	"F17, R10"	"F17"	"R10"	"ATTGGCTC"	"CGAGGCTG"	"TA"	
"TA081"	"ATTGGCTCAAGAGGCA"	"GGACTACNVGGGTWTCTAAT"	"GTGYCAGCMGCCGCGGTAA"	"Mouse pancreas"	"Pancreas"	3	"A11"	"F17, R11"	"F17"	"R11"	"ATTGGCTC"	"AAGAGGCA"	"TA"	
"TA089"	"ATTGGCTCGTAGAGGA"	"GGACTACNVGGGTWTCTAAT"	"GTGYCAGCMGCCGCGGTAA"	"Mouse pancreas"	"Pancreas"	3	"A12"	"F17, R12"	"F17"	"R12"	"ATTGGCTC"	"GTAGAGGA"	"TA"	
"TA009"	"ATTGGCTCCGTACTAG"	"GGACTACNVGGGTWTCTAAT"	"GTGYCAGCMGCCGCGGTAA"	"Mouse pancreas"	"Pancreas"	3	"A2"	"F17, R2"	"F17"	"R2"	"ATTGGCTC"	"CGTACTAG"	"TA"	
"TA001Rep2"	"ATTGGCTCGCGTAAGA"	"GGACTACNVGGGTWTCTAAT"	"GTGYCAGCMGCCGCGGTAA"	"Mouse pancreas_Rep2"	"Pancreas"	3	"A1"	"F17, R25"	"F17"	"R25"	"ATTGGCTC"	"GCGTAAGA "	"TA"	
"TA009Rep2"	"ATTGGCTCCGTCTAAT"	"GGACTACNVGGGTWTCTAAT"	"GTGYCAGCMGCCGCGGTAA"	"Mouse pancreas_Rep2"	"Pancreas"	3	"A2"	"F17, R26"	"F17"	"R26"	"ATTGGCTC"	"CGTCTAAT "	"TA"	
"TA017Rep2"	"ATTGGCTCTCTCTCCG"	"GGACTACNVGGGTWTCTAAT"	"GTGYCAGCMGCCGCGGTAA"	"Mouse pancreas_Rep2"	"Pancreas"	3	"A3"	"F17, R27"	"F17"	"R27"	"ATTGGCTC"	"TCTCTCCG "	"TA"	
"TA025Rep2"	"ATTGGCTCTCGACTAG"	"GGACTACNVGGGTWTCTAAT"	"GTGYCAGCMGCCGCGGTAA"	"Mouse pancreas_Rep2"	"Pancreas"	3	"A4"	"F17, R28"	"F17"	"R28"	"ATTGGCTC"	"TCGACTAG "	"TA"	
"TA033Rep2"	"ATTGGCTCAACGTGAT"	"GGACTACNVGGGTWTCTAAT"	"GTGYCAGCMGCCGCGGTAA"	"Mouse pancreas_Rep2"	"Pancreas"	3	"A5"	"F17, R29"	"F17"	"R29"	"ATTGGCTC"	"AACGTGAT"	"TA"	
"TA017"	"ATTGGCTCAGGCAGAA"	"GGACTACNVGGGTWTCTAAT"	"GTGYCAGCMGCCGCGGTAA"	"Mouse pancreas"	"Pancreas"	3	"A3"	"F17, R3"	"F17"	"R3"	"ATTGGCTC"	"AGGCAGAA"	"TA"	
"TA041Rep2"	"ATTGGCTCAAACATCG"	"GGACTACNVGGGTWTCTAAT"	"GTGYCAGCMGCCGCGGTAA"	"Mouse pancreas_Rep2"	"Pancreas"	3	"A6"	"F17, R30"	"F17"	"R30"	"ATTGGCTC"	"AAACATCG"	"TA"	
"TA049Rep2"	"ATTGGCTCAGTGGTCA"	"GGACTACNVGGGTWTCTAAT"	"GTGYCAGCMGCCGCGGTAA"	"Mouse pancreas_Rep2"	"Pancreas"	3	"A7"	"F17, R31"	"F17"	"R31"	"ATTGGCTC"	"AGTGGTCA"	"TA"	
"TA057Rep2"	"ATTGGCTCACCACTGT"	"GGACTACNVGGGTWTCTAAT"	"GTGYCAGCMGCCGCGGTAA"	"Mouse pancreas_Rep2"	"Pancreas"	3	"A8"	"F17, R32"	"F17"	"R32"	"ATTGGCTC"	"ACCACTGT"	"TA"	
"TA065Rep2"	"ATTGGCTCACATTGGC"	"GGACTACNVGGGTWTCTAAT"	"GTGYCAGCMGCCGCGGTAA"	"Mouse pancreas_Rep2"	"Pancreas"	3	"A9"	"F17, R33"	"F17"	"R33"	"ATTGGCTC"	"ACATTGGC"	"TA"	
"TA073Rep2"	"ATTGGCTCCAGATCTG"	"GGACTACNVGGGTWTCTAAT"	"GTGYCAGCMGCCGCGGTAA"	"Mouse pancreas_Rep2"	"Pancreas"	3	"A10"	"F17, R34"	"F17"	"R34"	"ATTGGCTC"	"CAGATCTG"	"TA"	
"TA081Rep2"	"ATTGGCTCCATCAAGT"	"GGACTACNVGGGTWTCTAAT"	"GTGYCAGCMGCCGCGGTAA"	"Mouse pancreas_Rep2"	"Pancreas"	3	"A11"	"F17, R35"	"F17"	"R35"	"ATTGGCTC"	"CATCAAGT"	"TA"	
"TA089Rep2"	"ATTGGCTCCGCTGATC"	"GGACTACNVGGGTWTCTAAT"	"GTGYCAGCMGCCGCGGTAA"	"Mouse pancreas_Rep2"	"Pancreas"	3	"A12"	"F17, R36"	"F17"	"R36"	"ATTGGCTC"	"CGCTGATC"	"TA"	
"TA025"	"ATTGGCTCTCCTGAGC"	"GGACTACNVGGGTWTCTAAT"	"GTGYCAGCMGCCGCGGTAA"	"Mouse pancreas"	"Pancreas"	3	"A4"	"F17, R4"	"F17"	"R4"	"ATTGGCTC"	"TCCTGAGC"	"TA"	
"TA033"	"ATTGGCTCGGACTCCT"	"GGACTACNVGGGTWTCTAAT"	"GTGYCAGCMGCCGCGGTAA"	"Mouse pancreas"	"Pancreas"	3	"A5"	"F17, R5"	"F17"	"R5"	"ATTGGCTC"	"GGACTCCT"	"TA"	
"TA041"	"ATTGGCTCTAGGCATG"	"GGACTACNVGGGTWTCTAAT"	"GTGYCAGCMGCCGCGGTAA"	"Mouse pancreas"	"Pancreas"	3	"A6"	"F17, R6"	"F17"	"R6"	"ATTGGCTC"	"TAGGCATG"	"TA"	
"TA049"	"ATTGGCTCCTCTCTAC"	"GGACTACNVGGGTWTCTAAT"	"GTGYCAGCMGCCGCGGTAA"	"Mouse pancreas"	"Pancreas"	3	"A7"	"F17, R7"	"F17"	"R7"	"ATTGGCTC"	"CTCTCTAC"	"TA"	
"TA057"	"ATTGGCTCCAGAGAGG"	"GGACTACNVGGGTWTCTAAT"	"GTGYCAGCMGCCGCGGTAA"	"Mouse pancreas"	"Pancreas"	3	"A8"	"F17, R8"	"F17"	"R8"	"ATTGGCTC"	"CAGAGAGG"	"TA"	
"TA065"	"ATTGGCTCGCTACGCT"	"GGACTACNVGGGTWTCTAAT"	"GTGYCAGCMGCCGCGGTAA"	"Mouse pancreas"	"Pancreas"	3	"A9"	"F17, R9"	"F17"	"R9"	"ATTGGCTC"	"GCTACGCT"	"TA"	
"TA002"	"CACCTTACTAAGGCGA"	"GGACTACNVGGGTWTCTAAT"	"GTGYCAGCMGCCGCGGTAA"	"Mouse pancreas"	"Pancreas"	3	"B1"	"F18, R1"	"F18"	"R1"	"CACCTTAC"	"TAAGGCGA"	"TA"	
"TA074"	"CACCTTACCGAGGCTG"	"GGACTACNVGGGTWTCTAAT"	"GTGYCAGCMGCCGCGGTAA"	"Mouse pancreas"	"Pancreas"	3	"B10"	"F18, R10"	"F18"	"R10"	"CACCTTAC"	"CGAGGCTG"	"TA"	
"TA082"	"CACCTTACAAGAGGCA"	"GGACTACNVGGGTWTCTAAT"	"GTGYCAGCMGCCGCGGTAA"	"Mouse pancreas"	"Pancreas"	3	"B11"	"F18, R11"	"F18"	"R11"	"CACCTTAC"	"AAGAGGCA"	"TA"	
"TA090"	"CACCTTACGTAGAGGA"	"GGACTACNVGGGTWTCTAAT"	"GTGYCAGCMGCCGCGGTAA"	"Mouse pancreas"	"Pancreas"	3	"B12"	"F18, R12"	"F18"	"R12"	"CACCTTAC"	"GTAGAGGA"	"TA"	
"TA010"	"CACCTTACCGTACTAG"	"GGACTACNVGGGTWTCTAAT"	"GTGYCAGCMGCCGCGGTAA"	"Mouse pancreas"	"Pancreas"	3	"B2"	"F18, R2"	"F18"	"R2"	"CACCTTAC"	"CGTACTAG"	"TA"	
"TA002Rep2"	"CACCTTACGCGTAAGA"	"GGACTACNVGGGTWTCTAAT"	"GTGYCAGCMGCCGCGGTAA"	"Mouse pancreas_Rep2"	"Pancreas"	3	"B1"	"F18, R25"	"F18"	"R25"	"CACCTTAC"	"GCGTAAGA "	"TA"	
"TA010Rep2"	"CACCTTACCGTCTAAT"	"GGACTACNVGGGTWTCTAAT"	"GTGYCAGCMGCCGCGGTAA"	"Mouse pancreas_Rep2"	"Pancreas"	3	"B2"	"F18, R26"	"F18"	"R26"	"CACCTTAC"	"CGTCTAAT "	"TA"	
"TA018Rep2"	"CACCTTACTCTCTCCG"	"GGACTACNVGGGTWTCTAAT"	"GTGYCAGCMGCCGCGGTAA"	"Mouse pancreas_Rep2"	"Pancreas"	3	"B3"	"F18, R27"	"F18"	"R27"	"CACCTTAC"	"TCTCTCCG "	"TA"	
"TA026Rep2"	"CACCTTACTCGACTAG"	"GGACTACNVGGGTWTCTAAT"	"GTGYCAGCMGCCGCGGTAA"	"Mouse pancreas_Rep2"	"Pancreas"	3	"B4"	"F18, R28"	"F18"	"R28"	"CACCTTAC"	"TCGACTAG "	"TA"	
"TA034Rep2"	"CACCTTACAACGTGAT"	"GGACTACNVGGGTWTCTAAT"	"GTGYCAGCMGCCGCGGTAA"	"Mouse pancreas_Rep2"	"Pancreas"	3	"B5"	"F18, R29"	"F18"	"R29"	"CACCTTAC"	"AACGTGAT"	"TA"	
"TA018"	"CACCTTACAGGCAGAA"	"GGACTACNVGGGTWTCTAAT"	"GTGYCAGCMGCCGCGGTAA"	"Mouse pancreas"	"Pancreas"	3	"B3"	"F18, R3"	"F18"	"R3"	"CACCTTAC"	"AGGCAGAA"	"TA"	
"TA042Rep2"	"CACCTTACAAACATCG"	"GGACTACNVGGGTWTCTAAT"	"GTGYCAGCMGCCGCGGTAA"	"Mouse pancreas_Rep2"	"Pancreas"	3	"B6"	"F18, R30"	"F18"	"R30"	"CACCTTAC"	"AAACATCG"	"TA"	
"TA050Rep2"	"CACCTTACAGTGGTCA"	"GGACTACNVGGGTWTCTAAT"	"GTGYCAGCMGCCGCGGTAA"	"Mouse pancreas_Rep2"	"Pancreas"	3	"B7"	"F18, R31"	"F18"	"R31"	"CACCTTAC"	"AGTGGTCA"	"TA"	
"TA058Rep2"	"CACCTTACACCACTGT"	"GGACTACNVGGGTWTCTAAT"	"GTGYCAGCMGCCGCGGTAA"	"Mouse pancreas_Rep2"	"Pancreas"	3	"B8"	"F18, R32"	"F18"	"R32"	"CACCTTAC"	"ACCACTGT"	"TA"	
"TA066Rep2"	"CACCTTACACATTGGC"	"GGACTACNVGGGTWTCTAAT"	"GTGYCAGCMGCCGCGGTAA"	"Mouse pancreas_Rep2"	"Pancreas"	3	"B9"	"F18, R33"	"F18"	"R33"	"CACCTTAC"	"ACATTGGC"	"TA"	
"TA074Rep2"	"CACCTTACCAGATCTG"	"GGACTACNVGGGTWTCTAAT"	"GTGYCAGCMGCCGCGGTAA"	"Mouse pancreas_Rep2"	"Pancreas"	3	"B10"	"F18, R34"	"F18"	"R34"	"CACCTTAC"	"CAGATCTG"	"TA"	
"TA082Rep2"	"CACCTTACCATCAAGT"	"GGACTACNVGGGTWTCTAAT"	"GTGYCAGCMGCCGCGGTAA"	"Mouse pancreas_Rep2"	"Pancreas"	3	"B11"	"F18, R35"	"F18"	"R35"	"CACCTTAC"	"CATCAAGT"	"TA"	
"TA090Rep2"	"CACCTTACCGCTGATC"	"GGACTACNVGGGTWTCTAAT"	"GTGYCAGCMGCCGCGGTAA"	"Mouse pancreas_Rep2"	"Pancreas"	3	"B12"	"F18, R36"	"F18"	"R36"	"CACCTTAC"	"CGCTGATC"	"TA"	
"TA026"	"CACCTTACTCCTGAGC"	"GGACTACNVGGGTWTCTAAT"	"GTGYCAGCMGCCGCGGTAA"	"Mouse pancreas"	"Pancreas"	3	"B4"	"F18, R4"	"F18"	"R4"	"CACCTTAC"	"TCCTGAGC"	"TA"	
"TA034"	"CACCTTACGGACTCCT"	"GGACTACNVGGGTWTCTAAT"	"GTGYCAGCMGCCGCGGTAA"	"Mouse pancreas"	"Pancreas"	3	"B5"	"F18, R5"	"F18"	"R5"	"CACCTTAC"	"GGACTCCT"	"TA"	
"TA042"	"CACCTTACTAGGCATG"	"GGACTACNVGGGTWTCTAAT"	"GTGYCAGCMGCCGCGGTAA"	"Mouse pancreas"	"Pancreas"	3	"B6"	"F18, R6"	"F18"	"R6"	"CACCTTAC"	"TAGGCATG"	"TA"	
"TA050"	"CACCTTACCTCTCTAC"	"GGACTACNVGGGTWTCTAAT"	"GTGYCAGCMGCCGCGGTAA"	"Mouse pancreas"	"Pancreas"	3	"B7"	"F18, R7"	"F18"	"R7"	"CACCTTAC"	"CTCTCTAC"	"TA"	
"TA058"	"CACCTTACCAGAGAGG"	"GGACTACNVGGGTWTCTAAT"	"GTGYCAGCMGCCGCGGTAA"	"Mouse pancreas"	"Pancreas"	3	"B8"	"F18, R8"	"F18"	"R8"	"CACCTTAC"	"CAGAGAGG"	"TA"	
"TA066"	"CACCTTACGCTACGCT"	"GGACTACNVGGGTWTCTAAT"	"GTGYCAGCMGCCGCGGTAA"	"Mouse pancreas"	"Pancreas"	3	"B9"	"F18, R9"	"F18"	"R9"	"CACCTTAC"	"GCTACGCT"	"TA"	
"TA003"	"CTAAGGTCTAAGGCGA"	"GGACTACNVGGGTWTCTAAT"	"GTGYCAGCMGCCGCGGTAA"	"Mouse pancreas"	"Pancreas"	3	"C1"	"F19, R1"	"F19"	"R1"	"CTAAGGTC"	"TAAGGCGA"	"TA"	
"TA075"	"CTAAGGTCCGAGGCTG"	"GGACTACNVGGGTWTCTAAT"	"GTGYCAGCMGCCGCGGTAA"	"Mouse pancreas"	"Pancreas"	3	"C10"	"F19, R10"	"F19"	"R10"	"CTAAGGTC"	"CGAGGCTG"	"TA"	
"TA083"	"CTAAGGTCAAGAGGCA"	"GGACTACNVGGGTWTCTAAT"	"GTGYCAGCMGCCGCGGTAA"	"Mouse pancreas"	"Pancreas"	3	"C11"	"F19, R11"	"F19"	"R11"	"CTAAGGTC"	"AAGAGGCA"	"TA"	
"TA091"	"CTAAGGTCGTAGAGGA"	"GGACTACNVGGGTWTCTAAT"	"GTGYCAGCMGCCGCGGTAA"	"Mouse pancreas"	"Pancreas"	3	"C12"	"F19, R12"	"F19"	"R12"	"CTAAGGTC"	"GTAGAGGA"	"TA"	
"TA011"	"CTAAGGTCCGTACTAG"	"GGACTACNVGGGTWTCTAAT"	"GTGYCAGCMGCCGCGGTAA"	"Mouse pancreas"	"Pancreas"	3	"C2"	"F19, R2"	"F19"	"R2"	"CTAAGGTC"	"CGTACTAG"	"TA"	
"TA003Rep2"	"CTAAGGTCGCGTAAGA"	"GGACTACNVGGGTWTCTAAT"	"GTGYCAGCMGCCGCGGTAA"	"Mouse pancreas_Rep2"	"Pancreas"	3	"C1"	"F19, R25"	"F19"	"R25"	"CTAAGGTC"	"GCGTAAGA "	"TA"	
"TA011Rep2"	"CTAAGGTCCGTCTAAT"	"GGACTACNVGGGTWTCTAAT"	"GTGYCAGCMGCCGCGGTAA"	"Mouse pancreas_Rep2"	"Pancreas"	3	"C2"	"F19, R26"	"F19"	"R26"	"CTAAGGTC"	"CGTCTAAT "	"TA"	
"TA019Rep2"	"CTAAGGTCTCTCTCCG"	"GGACTACNVGGGTWTCTAAT"	"GTGYCAGCMGCCGCGGTAA"	"Mouse pancreas_Rep2"	"Pancreas"	3	"C3"	"F19, R27"	"F19"	"R27"	"CTAAGGTC"	"TCTCTCCG "	"TA"	
"TA027Rep2"	"CTAAGGTCTCGACTAG"	"GGACTACNVGGGTWTCTAAT"	"GTGYCAGCMGCCGCGGTAA"	"Mouse pancreas_Rep2"	"Pancreas"	3	"C4"	"F19, R28"	"F19"	"R28"	"CTAAGGTC"	"TCGACTAG "	"TA"	
"TA035Rep2"	"CTAAGGTCAACGTGAT"	"GGACTACNVGGGTWTCTAAT"	"GTGYCAGCMGCCGCGGTAA"	"Mouse pancreas_Rep2"	"Pancreas"	3	"C5"	"F19, R29"	"F19"	"R29"	"CTAAGGTC"	"AACGTGAT"	"TA"	
"TA019"	"CTAAGGTCAGGCAGAA"	"GGACTACNVGGGTWTCTAAT"	"GTGYCAGCMGCCGCGGTAA"	"Mouse pancreas"	"Pancreas"	3	"C3"	"F19, R3"	"F19"	"R3"	"CTAAGGTC"	"AGGCAGAA"	"TA"	
"TA043Rep2"	"CTAAGGTCAAACATCG"	"GGACTACNVGGGTWTCTAAT"	"GTGYCAGCMGCCGCGGTAA"	"Mouse pancreas_Rep2"	"Pancreas"	3	"C6"	"F19, R30"	"F19"	"R30"	"CTAAGGTC"	"AAACATCG"	"TA"	
"TA051Rep2"	"CTAAGGTCAGTGGTCA"	"GGACTACNVGGGTWTCTAAT"	"GTGYCAGCMGCCGCGGTAA"	"Mouse pancreas_Rep2"	"Pancreas"	3	"C7"	"F19, R31"	"F19"	"R31"	"CTAAGGTC"	"AGTGGTCA"	"TA"	
"TA059Rep2"	"CTAAGGTCACCACTGT"	"GGACTACNVGGGTWTCTAAT"	"GTGYCAGCMGCCGCGGTAA"	"Mouse pancreas_Rep2"	"Pancreas"	3	"C8"	"F19, R32"	"F19"	"R32"	"CTAAGGTC"	"ACCACTGT"	"TA"	
"TA067Rep2"	"CTAAGGTCACATTGGC"	"GGACTACNVGGGTWTCTAAT"	"GTGYCAGCMGCCGCGGTAA"	"Mouse pancreas_Rep2"	"Pancreas"	3	"C9"	"F19, R33"	"F19"	"R33"	"CTAAGGTC"	"ACATTGGC"	"TA"	
"TA075Rep2"	"CTAAGGTCCAGATCTG"	"GGACTACNVGGGTWTCTAAT"	"GTGYCAGCMGCCGCGGTAA"	"Mouse pancreas_Rep2"	"Pancreas"	3	"C10"	"F19, R34"	"F19"	"R34"	"CTAAGGTC"	"CAGATCTG"	"TA"	
"TA083Rep2"	"CTAAGGTCCATCAAGT"	"GGACTACNVGGGTWTCTAAT"	"GTGYCAGCMGCCGCGGTAA"	"Mouse pancreas_Rep2"	"Pancreas"	3	"C11"	"F19, R35"	"F19"	"R35"	"CTAAGGTC"	"CATCAAGT"	"TA"	
"TA091Rep2"	"CTAAGGTCCGCTGATC"	"GGACTACNVGGGTWTCTAAT"	"GTGYCAGCMGCCGCGGTAA"	"Mouse pancreas_Rep2"	"Pancreas"	3	"C12"	"F19, R36"	"F19"	"R36"	"CTAAGGTC"	"CGCTGATC"	"TA"	
"TA027"	"CTAAGGTCTCCTGAGC"	"GGACTACNVGGGTWTCTAAT"	"GTGYCAGCMGCCGCGGTAA"	"Mouse pancreas"	"Pancreas"	3	"C4"	"F19, R4"	"F19"	"R4"	"CTAAGGTC"	"TCCTGAGC"	"TA"	
"TA035"	"CTAAGGTCGGACTCCT"	"GGACTACNVGGGTWTCTAAT"	"GTGYCAGCMGCCGCGGTAA"	"Mouse pancreas"	"Pancreas"	3	"C5"	"F19, R5"	"F19"	"R5"	"CTAAGGTC"	"GGACTCCT"	"TA"	
"TA043"	"CTAAGGTCTAGGCATG"	"GGACTACNVGGGTWTCTAAT"	"GTGYCAGCMGCCGCGGTAA"	"Mouse pancreas"	"Pancreas"	3	"C6"	"F19, R6"	"F19"	"R6"	"CTAAGGTC"	"TAGGCATG"	"TA"	
"TA051"	"CTAAGGTCCTCTCTAC"	"GGACTACNVGGGTWTCTAAT"	"GTGYCAGCMGCCGCGGTAA"	"Mouse pancreas"	"Pancreas"	3	"C7"	"F19, R7"	"F19"	"R7"	"CTAAGGTC"	"CTCTCTAC"	"TA"	
"TA059"	"CTAAGGTCCAGAGAGG"	"GGACTACNVGGGTWTCTAAT"	"GTGYCAGCMGCCGCGGTAA"	"Mouse pancreas"	"Pancreas"	3	"C8"	"F19, R8"	"F19"	"R8"	"CTAAGGTC"	"CAGAGAGG"	"TA"	
"TA067"	"CTAAGGTCGCTACGCT"	"GGACTACNVGGGTWTCTAAT"	"GTGYCAGCMGCCGCGGTAA"	"Mouse pancreas"	"Pancreas"	3	"C9"	"F19, R9"	"F19"	"R9"	"CTAAGGTC"	"GCTACGCT"	"TA"	
1588	"CTCTCTATTAAGGCGA"	"GGACTACNVGGGTWTCTAAT"	"GTGYCAGCMGCCGCGGTAA"	"SA-ADEL-WCH-061_T2"	"Tongue"	1	"B1"	"F2, R1"	"F2"	"R1"	"CTCTCTAT"	"TAAGGCGA"	"IK"	
2224	"CTCTCTATCGAGGCTG"	"GGACTACNVGGGTWTCTAAT"	"GTGYCAGCMGCCGCGGTAA"	"WA-PER-PMH-055_V4"	"Milk"	1	"B10"	"F2, R10"	"F2"	"R10"	"CTCTCTAT"	"CGAGGCTG"	"KN"	
2234	"CTCTCTATAAGAGGCA"	"GGACTACNVGGGTWTCTAAT"	"GTGYCAGCMGCCGCGGTAA"	"VIC-MEL-RMH-074_V2"	"Milk"	1	"B11"	"F2, R11"	"F2"	"R11"	"CTCTCTAT"	"AAGAGGCA"	"KN"	
2242	"CTCTCTATGTAGAGGA"	"GGACTACNVGGGTWTCTAAT"	"GTGYCAGCMGCCGCGGTAA"	"QLD-BRI-MATER-089_V1"	"Milk"	1	"B12"	"F2, R12"	"F2"	"R12"	"CTCTCTAT"	"GTAGAGGA"	"KN"	
1596	"CTCTCTATCGTACTAG"	"GGACTACNVGGGTWTCTAAT"	"GTGYCAGCMGCCGCGGTAA"	"SA-ADEL-WCH-054_T3"	"Tongue"	1	"B2"	"F2, R2"	"F2"	"R2"	"CTCTCTAT"	"CGTACTAG"	"IK"	
"1588Rep2"	"CTCTCTATGCGTAAGA"	"GGACTACNVGGGTWTCTAAT"	"GTGYCAGCMGCCGCGGTAA"	"SA-ADEL-WCH-061_T2_Rep2"	"Tongue"	1	"B1"	"F2, R25"	"F2"	"R25"	"CTCTCTAT"	"GCGTAAGA "	"IK"	
"1596Rep2"	"CTCTCTATCGTCTAAT"	"GGACTACNVGGGTWTCTAAT"	"GTGYCAGCMGCCGCGGTAA"	"SA-ADEL-WCH-054_T3_Rep2"	"Tongue"	1	"B2"	"F2, R26"	"F2"	"R26"	"CTCTCTAT"	"CGTCTAAT "	"IK"	
"1604Rep2"	"CTCTCTATTCTCTCCG"	"GGACTACNVGGGTWTCTAAT"	"GTGYCAGCMGCCGCGGTAA"	"SA-ADEL-WCH-067_T3_Rep2"	"Tongue"	1	"B3"	"F2, R27"	"F2"	"R27"	"CTCTCTAT"	"TCTCTCCG "	"IK"	
"1612Rep2"	"CTCTCTATTCGACTAG"	"GGACTACNVGGGTWTCTAAT"	"GTGYCAGCMGCCGCGGTAA"	"QLD-BRI-MATER-062_T3_Rep2"	"Tongue"	1	"B4"	"F2, R28"	"F2"	"R28"	"CTCTCTAT"	"TCGACTAG "	"IK"	
"1620Rep2"	"CTCTCTATAACGTGAT"	"GGACTACNVGGGTWTCTAAT"	"GTGYCAGCMGCCGCGGTAA"	"NSW-SYD-CHW-037_T3_Rep2"	"Tongue"	1	"B5"	"F2, R29"	"F2"	"R29"	"CTCTCTAT"	"AACGTGAT"	"IK"	
1604	"CTCTCTATAGGCAGAA"	"GGACTACNVGGGTWTCTAAT"	"GTGYCAGCMGCCGCGGTAA"	"SA-ADEL-WCH-067_T3"	"Tongue"	1	"B3"	"F2, R3"	"F2"	"R3"	"CTCTCTAT"	"AGGCAGAA"	"IK"	
"2192Rep2"	"CTCTCTATAAACATCG"	"GGACTACNVGGGTWTCTAAT"	"GTGYCAGCMGCCGCGGTAA"	"NSW-SYD-RHW-065_V2_Rep2"	"Milk"	1	"B6"	"F2, R30"	"F2"	"R30"	"CTCTCTAT"	"AAACATCG"	"KN"	
"2200Rep2"	"CTCTCTATAGTGGTCA"	"GGACTACNVGGGTWTCTAAT"	"GTGYCAGCMGCCGCGGTAA"	"WA-PER-PMH-043_V2_Rep2"	"Milk"	1	"B7"	"F2, R31"	"F2"	"R31"	"CTCTCTAT"	"AGTGGTCA"	"KN"	
"2208Rep2"	"CTCTCTATACCACTGT"	"GGACTACNVGGGTWTCTAAT"	"GTGYCAGCMGCCGCGGTAA"	"QLD-BRI-MATER-120_V1_Rep2"	"Milk"	1	"B8"	"F2, R32"	"F2"	"R32"	"CTCTCTAT"	"ACCACTGT"	"KN"	
"2216Rep2"	"CTCTCTATACATTGGC"	"GGACTACNVGGGTWTCTAAT"	"GTGYCAGCMGCCGCGGTAA"	"SA-ADEL-WCH-091_V1_Rep2"	"Milk"	1	"B9"	"F2, R33"	"F2"	"R33"	"CTCTCTAT"	"ACATTGGC"	"KN"	
"2224Rep2"	"CTCTCTATCAGATCTG"	"GGACTACNVGGGTWTCTAAT"	"GTGYCAGCMGCCGCGGTAA"	"WA-PER-PMH-055_V4_Rep2"	"Milk"	1	"B10"	"F2, R34"	"F2"	"R34"	"CTCTCTAT"	"CAGATCTG"	"KN"	
"2234Rep2"	"CTCTCTATCATCAAGT"	"GGACTACNVGGGTWTCTAAT"	"GTGYCAGCMGCCGCGGTAA"	"VIC-MEL-RMH-074_V2_Rep2"	"Milk"	1	"B11"	"F2, R35"	"F2"	"R35"	"CTCTCTAT"	"CATCAAGT"	"KN"	
"2242Rep2"	"CTCTCTATCGCTGATC"	"GGACTACNVGGGTWTCTAAT"	"GTGYCAGCMGCCGCGGTAA"	"QLD-BRI-MATER-089_V1_Rep2"	"Milk"	1	"B12"	"F2, R36"	"F2"	"R36"	"CTCTCTAT"	"CGCTGATC"	"KN"	
1612	"CTCTCTATTCCTGAGC"	"GGACTACNVGGGTWTCTAAT"	"GTGYCAGCMGCCGCGGTAA"	"QLD-BRI-MATER-062_T3"	"Tongue"	1	"B4"	"F2, R4"	"F2"	"R4"	"CTCTCTAT"	"TCCTGAGC"	"IK"	
1620	"CTCTCTATGGACTCCT"	"GGACTACNVGGGTWTCTAAT"	"GTGYCAGCMGCCGCGGTAA"	"NSW-SYD-CHW-037_T3"	"Tongue"	1	"B5"	"F2, R5"	"F2"	"R5"	"CTCTCTAT"	"GGACTCCT"	"IK"	
2192	"CTCTCTATTAGGCATG"	"GGACTACNVGGGTWTCTAAT"	"GTGYCAGCMGCCGCGGTAA"	"NSW-SYD-RHW-065_V2"	"Milk"	1	"B6"	"F2, R6"	"F2"	"R6"	"CTCTCTAT"	"TAGGCATG"	"KN"	
2200	"CTCTCTATCTCTCTAC"	"GGACTACNVGGGTWTCTAAT"	"GTGYCAGCMGCCGCGGTAA"	"WA-PER-PMH-043_V2"	"Milk"	1	"B7"	"F2, R7"	"F2"	"R7"	"CTCTCTAT"	"CTCTCTAC"	"KN"	
2208	"CTCTCTATCAGAGAGG"	"GGACTACNVGGGTWTCTAAT"	"GTGYCAGCMGCCGCGGTAA"	"QLD-BRI-MATER-120_V1"	"Milk"	1	"B8"	"F2, R8"	"F2"	"R8"	"CTCTCTAT"	"CAGAGAGG"	"KN"	
2216	"CTCTCTATGCTACGCT"	"GGACTACNVGGGTWTCTAAT"	"GTGYCAGCMGCCGCGGTAA"	"SA-ADEL-WCH-091_V1"	"Milk"	1	"B9"	"F2, R9"	"F2"	"R9"	"CTCTCTAT"	"GCTACGCT"	"KN"	
"TA004"	"GAACAGGCTAAGGCGA"	"GGACTACNVGGGTWTCTAAT"	"GTGYCAGCMGCCGCGGTAA"	"Mouse pancreas"	"Pancreas"	3	"D1"	"F20, R1"	"F20"	"R1"	"GAACAGGC"	"TAAGGCGA"	"TA"	
"TA076"	"GAACAGGCCGAGGCTG"	"GGACTACNVGGGTWTCTAAT"	"GTGYCAGCMGCCGCGGTAA"	"Mouse pancreas"	"Pancreas"	3	"D10"	"F20, R10"	"F20"	"R10"	"GAACAGGC"	"CGAGGCTG"	"TA"	
"TA084"	"GAACAGGCAAGAGGCA"	"GGACTACNVGGGTWTCTAAT"	"GTGYCAGCMGCCGCGGTAA"	"Mouse pancreas"	"Pancreas"	3	"D11"	"F20, R11"	"F20"	"R11"	"GAACAGGC"	"AAGAGGCA"	"TA"	
"TA092"	"GAACAGGCGTAGAGGA"	"GGACTACNVGGGTWTCTAAT"	"GTGYCAGCMGCCGCGGTAA"	"Mouse pancreas"	"Pancreas"	3	"D12"	"F20, R12"	"F20"	"R12"	"GAACAGGC"	"GTAGAGGA"	"TA"	
"TA012"	"GAACAGGCCGTACTAG"	"GGACTACNVGGGTWTCTAAT"	"GTGYCAGCMGCCGCGGTAA"	"Mouse pancreas"	"Pancreas"	3	"D2"	"F20, R2"	"F20"	"R2"	"GAACAGGC"	"CGTACTAG"	"TA"	
"TA004Rep2"	"GAACAGGCGCGTAAGA"	"GGACTACNVGGGTWTCTAAT"	"GTGYCAGCMGCCGCGGTAA"	"Mouse pancreas_Rep2"	"Pancreas"	3	"D1"	"F20, R25"	"F20"	"R25"	"GAACAGGC"	"GCGTAAGA "	"TA"	
"TA012Rep2"	"GAACAGGCCGTCTAAT"	"GGACTACNVGGGTWTCTAAT"	"GTGYCAGCMGCCGCGGTAA"	"Mouse pancreas_Rep2"	"Pancreas"	3	"D2"	"F20, R26"	"F20"	"R26"	"GAACAGGC"	"CGTCTAAT "	"TA"	
"TA020Rep2"	"GAACAGGCTCTCTCCG"	"GGACTACNVGGGTWTCTAAT"	"GTGYCAGCMGCCGCGGTAA"	"Mouse pancreas_Rep2"	"Pancreas"	3	"D3"	"F20, R27"	"F20"	"R27"	"GAACAGGC"	"TCTCTCCG "	"TA"	
"TA028Rep2"	"GAACAGGCTCGACTAG"	"GGACTACNVGGGTWTCTAAT"	"GTGYCAGCMGCCGCGGTAA"	"Mouse pancreas_Rep2"	"Pancreas"	3	"D4"	"F20, R28"	"F20"	"R28"	"GAACAGGC"	"TCGACTAG "	"TA"	
"TA036Rep2"	"GAACAGGCAACGTGAT"	"GGACTACNVGGGTWTCTAAT"	"GTGYCAGCMGCCGCGGTAA"	"Mouse pancreas_Rep2"	"Pancreas"	3	"D5"	"F20, R29"	"F20"	"R29"	"GAACAGGC"	"AACGTGAT"	"TA"	
"TA020"	"GAACAGGCAGGCAGAA"	"GGACTACNVGGGTWTCTAAT"	"GTGYCAGCMGCCGCGGTAA"	"Mouse pancreas"	"Pancreas"	3	"D3"	"F20, R3"	"F20"	"R3"	"GAACAGGC"	"AGGCAGAA"	"TA"	
"TA044Rep2"	"GAACAGGCAAACATCG"	"GGACTACNVGGGTWTCTAAT"	"GTGYCAGCMGCCGCGGTAA"	"Mouse pancreas_Rep2"	"Pancreas"	3	"D6"	"F20, R30"	"F20"	"R30"	"GAACAGGC"	"AAACATCG"	"TA"	
"TA052Rep2"	"GAACAGGCAGTGGTCA"	"GGACTACNVGGGTWTCTAAT"	"GTGYCAGCMGCCGCGGTAA"	"Mouse pancreas_Rep2"	"Pancreas"	3	"D7"	"F20, R31"	"F20"	"R31"	"GAACAGGC"	"AGTGGTCA"	"TA"	
"TA060Rep2"	"GAACAGGCACCACTGT"	"GGACTACNVGGGTWTCTAAT"	"GTGYCAGCMGCCGCGGTAA"	"Mouse pancreas_Rep2"	"Pancreas"	3	"D8"	"F20, R32"	"F20"	"R32"	"GAACAGGC"	"ACCACTGT"	"TA"	
"TA068Rep2"	"GAACAGGCACATTGGC"	"GGACTACNVGGGTWTCTAAT"	"GTGYCAGCMGCCGCGGTAA"	"Mouse pancreas_Rep2"	"Pancreas"	3	"D9"	"F20, R33"	"F20"	"R33"	"GAACAGGC"	"ACATTGGC"	"TA"	
"TA076Rep2"	"GAACAGGCCAGATCTG"	"GGACTACNVGGGTWTCTAAT"	"GTGYCAGCMGCCGCGGTAA"	"Mouse pancreas_Rep2"	"Pancreas"	3	"D10"	"F20, R34"	"F20"	"R34"	"GAACAGGC"	"CAGATCTG"	"TA"	
"TA084Rep2"	"GAACAGGCCATCAAGT"	"GGACTACNVGGGTWTCTAAT"	"GTGYCAGCMGCCGCGGTAA"	"Mouse pancreas_Rep2"	"Pancreas"	3	"D11"	"F20, R35"	"F20"	"R35"	"GAACAGGC"	"CATCAAGT"	"TA"	
"TA092Rep2"	"GAACAGGCCGCTGATC"	"GGACTACNVGGGTWTCTAAT"	"GTGYCAGCMGCCGCGGTAA"	"Mouse pancreas_Rep2"	"Pancreas"	3	"D12"	"F20, R36"	"F20"	"R36"	"GAACAGGC"	"CGCTGATC"	"TA"	
"TA028"	"GAACAGGCTCCTGAGC"	"GGACTACNVGGGTWTCTAAT"	"GTGYCAGCMGCCGCGGTAA"	"Mouse pancreas"	"Pancreas"	3	"D4"	"F20, R4"	"F20"	"R4"	"GAACAGGC"	"TCCTGAGC"	"TA"	
"TA036"	"GAACAGGCGGACTCCT"	"GGACTACNVGGGTWTCTAAT"	"GTGYCAGCMGCCGCGGTAA"	"Mouse pancreas"	"Pancreas"	3	"D5"	"F20, R5"	"F20"	"R5"	"GAACAGGC"	"GGACTCCT"	"TA"	
"TA044"	"GAACAGGCTAGGCATG"	"GGACTACNVGGGTWTCTAAT"	"GTGYCAGCMGCCGCGGTAA"	"Mouse pancreas"	"Pancreas"	3	"D6"	"F20, R6"	"F20"	"R6"	"GAACAGGC"	"TAGGCATG"	"TA"	
"TA052"	"GAACAGGCCTCTCTAC"	"GGACTACNVGGGTWTCTAAT"	"GTGYCAGCMGCCGCGGTAA"	"Mouse pancreas"	"Pancreas"	3	"D7"	"F20, R7"	"F20"	"R7"	"GAACAGGC"	"CTCTCTAC"	"TA"	
"TA060"	"GAACAGGCCAGAGAGG"	"GGACTACNVGGGTWTCTAAT"	"GTGYCAGCMGCCGCGGTAA"	"Mouse pancreas"	"Pancreas"	3	"D8"	"F20, R8"	"F20"	"R8"	"GAACAGGC"	"CAGAGAGG"	"TA"	
"TA068"	"GAACAGGCGCTACGCT"	"GGACTACNVGGGTWTCTAAT"	"GTGYCAGCMGCCGCGGTAA"	"Mouse pancreas"	"Pancreas"	3	"D9"	"F20, R9"	"F20"	"R9"	"GAACAGGC"	"GCTACGCT"	"TA"	
"TA005"	"CCGTGAGATAAGGCGA"	"GGACTACNVGGGTWTCTAAT"	"GTGYCAGCMGCCGCGGTAA"	"Mouse pancreas"	"Pancreas"	3	"E1"	"F21, R1"	"F21"	"R1"	"CCGTGAGA"	"TAAGGCGA"	"TA"	
"TA077"	"CCGTGAGACGAGGCTG"	"GGACTACNVGGGTWTCTAAT"	"GTGYCAGCMGCCGCGGTAA"	"Mouse pancreas"	"Pancreas"	3	"E10"	"F21, R10"	"F21"	"R10"	"CCGTGAGA"	"CGAGGCTG"	"TA"	
"TA085"	"CCGTGAGAAAGAGGCA"	"GGACTACNVGGGTWTCTAAT"	"GTGYCAGCMGCCGCGGTAA"	"Mouse pancreas"	"Pancreas"	3	"E11"	"F21, R11"	"F21"	"R11"	"CCGTGAGA"	"AAGAGGCA"	"TA"	
"TA093"	"CCGTGAGAGTAGAGGA"	"GGACTACNVGGGTWTCTAAT"	"GTGYCAGCMGCCGCGGTAA"	"Mouse pancreas"	"Pancreas"	3	"E12"	"F21, R12"	"F21"	"R12"	"CCGTGAGA"	"GTAGAGGA"	"TA"	
"TA013"	"CCGTGAGACGTACTAG"	"GGACTACNVGGGTWTCTAAT"	"GTGYCAGCMGCCGCGGTAA"	"Mouse pancreas"	"Pancreas"	3	"E2"	"F21, R2"	"F21"	"R2"	"CCGTGAGA"	"CGTACTAG"	"TA"	
"TA005Rep2"	"CCGTGAGAGCGTAAGA"	"GGACTACNVGGGTWTCTAAT"	"GTGYCAGCMGCCGCGGTAA"	"Mouse pancreas_Rep2"	"Pancreas"	3	"E1"	"F21, R25"	"F21"	"R25"	"CCGTGAGA"	"GCGTAAGA "	"TA"	
"TA013Rep2"	"CCGTGAGACGTCTAAT"	"GGACTACNVGGGTWTCTAAT"	"GTGYCAGCMGCCGCGGTAA"	"Mouse pancreas_Rep2"	"Pancreas"	3	"E2"	"F21, R26"	"F21"	"R26"	"CCGTGAGA"	"CGTCTAAT "	"TA"	
"TA021Rep2"	"CCGTGAGATCTCTCCG"	"GGACTACNVGGGTWTCTAAT"	"GTGYCAGCMGCCGCGGTAA"	"Mouse pancreas_Rep2"	"Pancreas"	3	"E3"	"F21, R27"	"F21"	"R27"	"CCGTGAGA"	"TCTCTCCG "	"TA"	
"TA029Rep2"	"CCGTGAGATCGACTAG"	"GGACTACNVGGGTWTCTAAT"	"GTGYCAGCMGCCGCGGTAA"	"Mouse pancreas_Rep2"	"Pancreas"	3	"E4"	"F21, R28"	"F21"	"R28"	"CCGTGAGA"	"TCGACTAG "	"TA"	
"TA037Rep2"	"CCGTGAGAAACGTGAT"	"GGACTACNVGGGTWTCTAAT"	"GTGYCAGCMGCCGCGGTAA"	"Mouse pancreas_Rep2"	"Pancreas"	3	"E5"	"F21, R29"	"F21"	"R29"	"CCGTGAGA"	"AACGTGAT"	"TA"	
"TA021"	"CCGTGAGAAGGCAGAA"	"GGACTACNVGGGTWTCTAAT"	"GTGYCAGCMGCCGCGGTAA"	"Mouse pancreas"	"Pancreas"	3	"E3"	"F21, R3"	"F21"	"R3"	"CCGTGAGA"	"AGGCAGAA"	"TA"	
"TA045Rep2"	"CCGTGAGAAAACATCG"	"GGACTACNVGGGTWTCTAAT"	"GTGYCAGCMGCCGCGGTAA"	"Mouse pancreas_Rep2"	"Pancreas"	3	"E6"	"F21, R30"	"F21"	"R30"	"CCGTGAGA"	"AAACATCG"	"TA"	
"TA053Rep2"	"CCGTGAGAAGTGGTCA"	"GGACTACNVGGGTWTCTAAT"	"GTGYCAGCMGCCGCGGTAA"	"Mouse pancreas_Rep2"	"Pancreas"	3	"E7"	"F21, R31"	"F21"	"R31"	"CCGTGAGA"	"AGTGGTCA"	"TA"	
"TA061Rep2"	"CCGTGAGAACCACTGT"	"GGACTACNVGGGTWTCTAAT"	"GTGYCAGCMGCCGCGGTAA"	"Mouse pancreas_Rep2"	"Pancreas"	3	"E8"	"F21, R32"	"F21"	"R32"	"CCGTGAGA"	"ACCACTGT"	"TA"	
"TA069Rep2"	"CCGTGAGAACATTGGC"	"GGACTACNVGGGTWTCTAAT"	"GTGYCAGCMGCCGCGGTAA"	"Mouse pancreas_Rep2"	"Pancreas"	3	"E9"	"F21, R33"	"F21"	"R33"	"CCGTGAGA"	"ACATTGGC"	"TA"	
"TA077Rep2"	"CCGTGAGACAGATCTG"	"GGACTACNVGGGTWTCTAAT"	"GTGYCAGCMGCCGCGGTAA"	"Mouse pancreas_Rep2"	"Pancreas"	3	"E10"	"F21, R34"	"F21"	"R34"	"CCGTGAGA"	"CAGATCTG"	"TA"	
"TA085Rep2"	"CCGTGAGACATCAAGT"	"GGACTACNVGGGTWTCTAAT"	"GTGYCAGCMGCCGCGGTAA"	"Mouse pancreas_Rep2"	"Pancreas"	3	"E11"	"F21, R35"	"F21"	"R35"	"CCGTGAGA"	"CATCAAGT"	"TA"	
"TA093Rep2"	"CCGTGAGACGCTGATC"	"GGACTACNVGGGTWTCTAAT"	"GTGYCAGCMGCCGCGGTAA"	"Mouse pancreas_Rep2"	"Pancreas"	3	"E12"	"F21, R36"	"F21"	"R36"	"CCGTGAGA"	"CGCTGATC"	"TA"	
"TA029"	"CCGTGAGATCCTGAGC"	"GGACTACNVGGGTWTCTAAT"	"GTGYCAGCMGCCGCGGTAA"	"Mouse pancreas"	"Pancreas"	3	"E4"	"F21, R4"	"F21"	"R4"	"CCGTGAGA"	"TCCTGAGC"	"TA"	
"TA037"	"CCGTGAGAGGACTCCT"	"GGACTACNVGGGTWTCTAAT"	"GTGYCAGCMGCCGCGGTAA"	"Mouse pancreas"	"Pancreas"	3	"E5"	"F21, R5"	"F21"	"R5"	"CCGTGAGA"	"GGACTCCT"	"TA"	
"TA045"	"CCGTGAGATAGGCATG"	"GGACTACNVGGGTWTCTAAT"	"GTGYCAGCMGCCGCGGTAA"	"Mouse pancreas"	"Pancreas"	3	"E6"	"F21, R6"	"F21"	"R6"	"CCGTGAGA"	"TAGGCATG"	"TA"	
"TA053"	"CCGTGAGACTCTCTAC"	"GGACTACNVGGGTWTCTAAT"	"GTGYCAGCMGCCGCGGTAA"	"Mouse pancreas"	"Pancreas"	3	"E7"	"F21, R7"	"F21"	"R7"	"CCGTGAGA"	"CTCTCTAC"	"TA"	
"TA061"	"CCGTGAGACAGAGAGG"	"GGACTACNVGGGTWTCTAAT"	"GTGYCAGCMGCCGCGGTAA"	"Mouse pancreas"	"Pancreas"	3	"E8"	"F21, R8"	"F21"	"R8"	"CCGTGAGA"	"CAGAGAGG"	"TA"	
"TA069"	"CCGTGAGAGCTACGCT"	"GGACTACNVGGGTWTCTAAT"	"GTGYCAGCMGCCGCGGTAA"	"Mouse pancreas"	"Pancreas"	3	"E9"	"F21, R9"	"F21"	"R9"	"CCGTGAGA"	"GCTACGCT"	"TA"	
"TA006"	"CCTCCTGATAAGGCGA"	"GGACTACNVGGGTWTCTAAT"	"GTGYCAGCMGCCGCGGTAA"	"Mouse pancreas"	"Pancreas"	3	"F1"	"F22, R1"	"F22"	"R1"	"CCTCCTGA"	"TAAGGCGA"	"TA"	
"TA078"	"CCTCCTGACGAGGCTG"	"GGACTACNVGGGTWTCTAAT"	"GTGYCAGCMGCCGCGGTAA"	"Mouse pancreas"	"Pancreas"	3	"F10"	"F22, R10"	"F22"	"R10"	"CCTCCTGA"	"CGAGGCTG"	"TA"	
"TA086"	"CCTCCTGAAAGAGGCA"	"GGACTACNVGGGTWTCTAAT"	"GTGYCAGCMGCCGCGGTAA"	"Mouse pancreas"	"Pancreas"	3	"F11"	"F22, R11"	"F22"	"R11"	"CCTCCTGA"	"AAGAGGCA"	"TA"	
"TA094"	"CCTCCTGAGTAGAGGA"	"GGACTACNVGGGTWTCTAAT"	"GTGYCAGCMGCCGCGGTAA"	"Mouse pancreas"	"Pancreas"	3	"F12"	"F22, R12"	"F22"	"R12"	"CCTCCTGA"	"GTAGAGGA"	"TA"	
"TA014"	"CCTCCTGACGTACTAG"	"GGACTACNVGGGTWTCTAAT"	"GTGYCAGCMGCCGCGGTAA"	"Mouse pancreas"	"Pancreas"	3	"F2"	"F22, R2"	"F22"	"R2"	"CCTCCTGA"	"CGTACTAG"	"TA"	
"TA006Rep2"	"CCTCCTGAGCGTAAGA"	"GGACTACNVGGGTWTCTAAT"	"GTGYCAGCMGCCGCGGTAA"	"Mouse pancreas_Rep2"	"Pancreas"	3	"F1"	"F22, R25"	"F22"	"R25"	"CCTCCTGA"	"GCGTAAGA "	"TA"	
"TA014Rep2"	"CCTCCTGACGTCTAAT"	"GGACTACNVGGGTWTCTAAT"	"GTGYCAGCMGCCGCGGTAA"	"Mouse pancreas_Rep2"	"Pancreas"	3	"F2"	"F22, R26"	"F22"	"R26"	"CCTCCTGA"	"CGTCTAAT "	"TA"	
"TA022Rep2"	"CCTCCTGATCTCTCCG"	"GGACTACNVGGGTWTCTAAT"	"GTGYCAGCMGCCGCGGTAA"	"Mouse pancreas_Rep2"	"Pancreas"	3	"F3"	"F22, R27"	"F22"	"R27"	"CCTCCTGA"	"TCTCTCCG "	"TA"	
"TA030Rep2"	"CCTCCTGATCGACTAG"	"GGACTACNVGGGTWTCTAAT"	"GTGYCAGCMGCCGCGGTAA"	"Mouse pancreas_Rep2"	"Pancreas"	3	"F4"	"F22, R28"	"F22"	"R28"	"CCTCCTGA"	"TCGACTAG "	"TA"	
"TA038Rep2"	"CCTCCTGAAACGTGAT"	"GGACTACNVGGGTWTCTAAT"	"GTGYCAGCMGCCGCGGTAA"	"Mouse pancreas_Rep2"	"Pancreas"	3	"F5"	"F22, R29"	"F22"	"R29"	"CCTCCTGA"	"AACGTGAT"	"TA"	
"TA022"	"CCTCCTGAAGGCAGAA"	"GGACTACNVGGGTWTCTAAT"	"GTGYCAGCMGCCGCGGTAA"	"Mouse pancreas"	"Pancreas"	3	"F3"	"F22, R3"	"F22"	"R3"	"CCTCCTGA"	"AGGCAGAA"	"TA"	
"TA046Rep2"	"CCTCCTGAAAACATCG"	"GGACTACNVGGGTWTCTAAT"	"GTGYCAGCMGCCGCGGTAA"	"Mouse pancreas_Rep2"	"Pancreas"	3	"F6"	"F22, R30"	"F22"	"R30"	"CCTCCTGA"	"AAACATCG"	"TA"	
"TA054Rep2"	"CCTCCTGAAGTGGTCA"	"GGACTACNVGGGTWTCTAAT"	"GTGYCAGCMGCCGCGGTAA"	"Mouse pancreas_Rep2"	"Pancreas"	3	"F7"	"F22, R31"	"F22"	"R31"	"CCTCCTGA"	"AGTGGTCA"	"TA"	
"TA062Rep2"	"CCTCCTGAACCACTGT"	"GGACTACNVGGGTWTCTAAT"	"GTGYCAGCMGCCGCGGTAA"	"Mouse pancreas_Rep2"	"Pancreas"	3	"F8"	"F22, R32"	"F22"	"R32"	"CCTCCTGA"	"ACCACTGT"	"TA"	
"TA070Rep2"	"CCTCCTGAACATTGGC"	"GGACTACNVGGGTWTCTAAT"	"GTGYCAGCMGCCGCGGTAA"	"Mouse pancreas_Rep2"	"Pancreas"	3	"F9"	"F22, R33"	"F22"	"R33"	"CCTCCTGA"	"ACATTGGC"	"TA"	
"TA078Rep2"	"CCTCCTGACAGATCTG"	"GGACTACNVGGGTWTCTAAT"	"GTGYCAGCMGCCGCGGTAA"	"Mouse pancreas_Rep2"	"Pancreas"	3	"F10"	"F22, R34"	"F22"	"R34"	"CCTCCTGA"	"CAGATCTG"	"TA"	
"TA086Rep2"	"CCTCCTGACATCAAGT"	"GGACTACNVGGGTWTCTAAT"	"GTGYCAGCMGCCGCGGTAA"	"Mouse pancreas_Rep2"	"Pancreas"	3	"F11"	"F22, R35"	"F22"	"R35"	"CCTCCTGA"	"CATCAAGT"	"TA"	
"TA094Rep2"	"CCTCCTGACGCTGATC"	"GGACTACNVGGGTWTCTAAT"	"GTGYCAGCMGCCGCGGTAA"	"Mouse pancreas_Rep2"	"Pancreas"	3	"F12"	"F22, R36"	"F22"	"R36"	"CCTCCTGA"	"CGCTGATC"	"TA"	
"TA030"	"CCTCCTGATCCTGAGC"	"GGACTACNVGGGTWTCTAAT"	"GTGYCAGCMGCCGCGGTAA"	"Mouse pancreas"	"Pancreas"	3	"F4"	"F22, R4"	"F22"	"R4"	"CCTCCTGA"	"TCCTGAGC"	"TA"	
"TA038"	"CCTCCTGAGGACTCCT"	"GGACTACNVGGGTWTCTAAT"	"GTGYCAGCMGCCGCGGTAA"	"Mouse pancreas"	"Pancreas"	3	"F5"	"F22, R5"	"F22"	"R5"	"CCTCCTGA"	"GGACTCCT"	"TA"	
"TA046"	"CCTCCTGATAGGCATG"	"GGACTACNVGGGTWTCTAAT"	"GTGYCAGCMGCCGCGGTAA"	"Mouse pancreas"	"Pancreas"	3	"F6"	"F22, R6"	"F22"	"R6"	"CCTCCTGA"	"TAGGCATG"	"TA"	
"TA054"	"CCTCCTGACTCTCTAC"	"GGACTACNVGGGTWTCTAAT"	"GTGYCAGCMGCCGCGGTAA"	"Mouse pancreas"	"Pancreas"	3	"F7"	"F22, R7"	"F22"	"R7"	"CCTCCTGA"	"CTCTCTAC"	"TA"	
"TA062"	"CCTCCTGACAGAGAGG"	"GGACTACNVGGGTWTCTAAT"	"GTGYCAGCMGCCGCGGTAA"	"Mouse pancreas"	"Pancreas"	3	"F8"	"F22, R8"	"F22"	"R8"	"CCTCCTGA"	"CAGAGAGG"	"TA"	
"TA070"	"CCTCCTGAGCTACGCT"	"GGACTACNVGGGTWTCTAAT"	"GTGYCAGCMGCCGCGGTAA"	"Mouse pancreas"	"Pancreas"	3	"F9"	"F22, R9"	"F22"	"R9"	"CCTCCTGA"	"GCTACGCT"	"TA"	
"TA007"	"CGAACTTATAAGGCGA"	"GGACTACNVGGGTWTCTAAT"	"GTGYCAGCMGCCGCGGTAA"	"Mouse pancreas"	"Pancreas"	3	"G1"	"F23, R1"	"F23"	"R1"	"CGAACTTA"	"TAAGGCGA"	"TA"	
"TA079"	"CGAACTTACGAGGCTG"	"GGACTACNVGGGTWTCTAAT"	"GTGYCAGCMGCCGCGGTAA"	"Mouse pancreas"	"Pancreas"	3	"G10"	"F23, R10"	"F23"	"R10"	"CGAACTTA"	"CGAGGCTG"	"TA"	
"TA087"	"CGAACTTAAAGAGGCA"	"GGACTACNVGGGTWTCTAAT"	"GTGYCAGCMGCCGCGGTAA"	"Mouse pancreas"	"Pancreas"	3	"G11"	"F23, R11"	"F23"	"R11"	"CGAACTTA"	"AAGAGGCA"	"TA"	
"TA095"	"CGAACTTAGTAGAGGA"	"GGACTACNVGGGTWTCTAAT"	"GTGYCAGCMGCCGCGGTAA"	"Mouse pancreas"	"Pancreas"	3	"G12"	"F23, R12"	"F23"	"R12"	"CGAACTTA"	"GTAGAGGA"	"TA"	
"TA015"	"CGAACTTACGTACTAG"	"GGACTACNVGGGTWTCTAAT"	"GTGYCAGCMGCCGCGGTAA"	"Mouse pancreas"	"Pancreas"	3	"G2"	"F23, R2"	"F23"	"R2"	"CGAACTTA"	"CGTACTAG"	"TA"	
"TA007Rep2"	"CGAACTTAGCGTAAGA"	"GGACTACNVGGGTWTCTAAT"	"GTGYCAGCMGCCGCGGTAA"	"Mouse pancreas_Rep2"	"Pancreas"	3	"G1"	"F23, R25"	"F23"	"R25"	"CGAACTTA"	"GCGTAAGA "	"TA"	
"TA015Rep2"	"CGAACTTACGTCTAAT"	"GGACTACNVGGGTWTCTAAT"	"GTGYCAGCMGCCGCGGTAA"	"Mouse pancreas_Rep2"	"Pancreas"	3	"G2"	"F23, R26"	"F23"	"R26"	"CGAACTTA"	"CGTCTAAT "	"TA"	
"TA023Rep2"	"CGAACTTATCTCTCCG"	"GGACTACNVGGGTWTCTAAT"	"GTGYCAGCMGCCGCGGTAA"	"Mouse pancreas_Rep2"	"Pancreas"	3	"G3"	"F23, R27"	"F23"	"R27"	"CGAACTTA"	"TCTCTCCG "	"TA"	
"TAO31Rep2"	"CGAACTTATCGACTAG"	"GGACTACNVGGGTWTCTAAT"	"GTGYCAGCMGCCGCGGTAA"	"Mouse pancreas_Rep2"	"Pancreas"	3	"G4"	"F23, R28"	"F23"	"R28"	"CGAACTTA"	"TCGACTAG "	"TA"	
"TA039Rep2"	"CGAACTTAAACGTGAT"	"GGACTACNVGGGTWTCTAAT"	"GTGYCAGCMGCCGCGGTAA"	"Mouse pancreas_Rep2"	"Pancreas"	3	"G5"	"F23, R29"	"F23"	"R29"	"CGAACTTA"	"AACGTGAT"	"TA"	
"TA023"	"CGAACTTAAGGCAGAA"	"GGACTACNVGGGTWTCTAAT"	"GTGYCAGCMGCCGCGGTAA"	"Mouse pancreas"	"Pancreas"	3	"G3"	"F23, R3"	"F23"	"R3"	"CGAACTTA"	"AGGCAGAA"	"TA"	
"TA047Rep2"	"CGAACTTAAAACATCG"	"GGACTACNVGGGTWTCTAAT"	"GTGYCAGCMGCCGCGGTAA"	"Mouse pancreas_Rep2"	"Pancreas"	3	"G6"	"F23, R30"	"F23"	"R30"	"CGAACTTA"	"AAACATCG"	"TA"	
"TA055Rep2"	"CGAACTTAAGTGGTCA"	"GGACTACNVGGGTWTCTAAT"	"GTGYCAGCMGCCGCGGTAA"	"Mouse pancreas_Rep2"	"Pancreas"	3	"G7"	"F23, R31"	"F23"	"R31"	"CGAACTTA"	"AGTGGTCA"	"TA"	
"TA063Rep2"	"CGAACTTAACCACTGT"	"GGACTACNVGGGTWTCTAAT"	"GTGYCAGCMGCCGCGGTAA"	"Mouse pancreas_Rep2"	"Pancreas"	3	"G8"	"F23, R32"	"F23"	"R32"	"CGAACTTA"	"ACCACTGT"	"TA"	
"TA071Rep2"	"CGAACTTAACATTGGC"	"GGACTACNVGGGTWTCTAAT"	"GTGYCAGCMGCCGCGGTAA"	"Mouse pancreas_Rep2"	"Pancreas"	3	"G9"	"F23, R33"	"F23"	"R33"	"CGAACTTA"	"ACATTGGC"	"TA"	
"TA079Rep2"	"CGAACTTACAGATCTG"	"GGACTACNVGGGTWTCTAAT"	"GTGYCAGCMGCCGCGGTAA"	"Mouse pancreas_Rep2"	"Pancreas"	3	"G10"	"F23, R34"	"F23"	"R34"	"CGAACTTA"	"CAGATCTG"	"TA"	
"TA087Rep2"	"CGAACTTACATCAAGT"	"GGACTACNVGGGTWTCTAAT"	"GTGYCAGCMGCCGCGGTAA"	"Mouse pancreas_Rep2"	"Pancreas"	3	"G11"	"F23, R35"	"F23"	"R35"	"CGAACTTA"	"CATCAAGT"	"TA"	
"TA095Rep2"	"CGAACTTACGCTGATC"	"GGACTACNVGGGTWTCTAAT"	"GTGYCAGCMGCCGCGGTAA"	"Mouse pancreas_Rep2"	"Pancreas"	3	"G12"	"F23, R36"	"F23"	"R36"	"CGAACTTA"	"CGCTGATC"	"TA"	
"TAO31"	"CGAACTTATCCTGAGC"	"GGACTACNVGGGTWTCTAAT"	"GTGYCAGCMGCCGCGGTAA"	"Mouse pancreas"	"Pancreas"	3	"G4"	"F23, R4"	"F23"	"R4"	"CGAACTTA"	"TCCTGAGC"	"TA"	
"TA039"	"CGAACTTAGGACTCCT"	"GGACTACNVGGGTWTCTAAT"	"GTGYCAGCMGCCGCGGTAA"	"Mouse pancreas"	"Pancreas"	3	"G5"	"F23, R5"	"F23"	"R5"	"CGAACTTA"	"GGACTCCT"	"TA"	
"TA047"	"CGAACTTATAGGCATG"	"GGACTACNVGGGTWTCTAAT"	"GTGYCAGCMGCCGCGGTAA"	"Mouse pancreas"	"Pancreas"	3	"G6"	"F23, R6"	"F23"	"R6"	"CGAACTTA"	"TAGGCATG"	"TA"	
"TA055"	"CGAACTTACTCTCTAC"	"GGACTACNVGGGTWTCTAAT"	"GTGYCAGCMGCCGCGGTAA"	"Mouse pancreas"	"Pancreas"	3	"G7"	"F23, R7"	"F23"	"R7"	"CGAACTTA"	"CTCTCTAC"	"TA"	
"TA063"	"CGAACTTACAGAGAGG"	"GGACTACNVGGGTWTCTAAT"	"GTGYCAGCMGCCGCGGTAA"	"Mouse pancreas"	"Pancreas"	3	"G8"	"F23, R8"	"F23"	"R8"	"CGAACTTA"	"CAGAGAGG"	"TA"	
"TA071"	"CGAACTTAGCTACGCT"	"GGACTACNVGGGTWTCTAAT"	"GTGYCAGCMGCCGCGGTAA"	"Mouse pancreas"	"Pancreas"	3	"G9"	"F23, R9"	"F23"	"R9"	"CGAACTTA"	"GCTACGCT"	"TA"	
"TA008"	"CGACTGGATAAGGCGA"	"GGACTACNVGGGTWTCTAAT"	"GTGYCAGCMGCCGCGGTAA"	"Mouse pancreas"	"Pancreas"	3	"H1"	"F24, R1"	"F24"	"R1"	"CGACTGGA"	"TAAGGCGA"	"TA"	
"TA080"	"CGACTGGACGAGGCTG"	"GGACTACNVGGGTWTCTAAT"	"GTGYCAGCMGCCGCGGTAA"	"Mouse pancreas"	"Pancreas"	3	"H10"	"F24, R10"	"F24"	"R10"	"CGACTGGA"	"CGAGGCTG"	"TA"	
"TA088"	"CGACTGGAAAGAGGCA"	"GGACTACNVGGGTWTCTAAT"	"GTGYCAGCMGCCGCGGTAA"	"Mouse pancreas"	"Pancreas"	3	"H11"	"F24, R11"	"F24"	"R11"	"CGACTGGA"	"AAGAGGCA"	"TA"	
"TA096"	"CGACTGGAGTAGAGGA"	"GGACTACNVGGGTWTCTAAT"	"GTGYCAGCMGCCGCGGTAA"	"Mouse pancreas"	"Pancreas"	3	"H12"	"F24, R12"	"F24"	"R12"	"CGACTGGA"	"GTAGAGGA"	"TA"	
"TA016"	"CGACTGGACGTACTAG"	"GGACTACNVGGGTWTCTAAT"	"GTGYCAGCMGCCGCGGTAA"	"Mouse pancreas"	"Pancreas"	3	"H2"	"F24, R2"	"F24"	"R2"	"CGACTGGA"	"CGTACTAG"	"TA"	
"TA008Rep2"	"CGACTGGAGCGTAAGA"	"GGACTACNVGGGTWTCTAAT"	"GTGYCAGCMGCCGCGGTAA"	"Mouse pancreas_Rep2"	"Pancreas"	3	"H1"	"F24, R25"	"F24"	"R25"	"CGACTGGA"	"GCGTAAGA "	"TA"	
"TA016Rep2"	"CGACTGGACGTCTAAT"	"GGACTACNVGGGTWTCTAAT"	"GTGYCAGCMGCCGCGGTAA"	"Mouse pancreas_Rep2"	"Pancreas"	3	"H2"	"F24, R26"	"F24"	"R26"	"CGACTGGA"	"CGTCTAAT "	"TA"	
"TA024Rep2"	"CGACTGGATCTCTCCG"	"GGACTACNVGGGTWTCTAAT"	"GTGYCAGCMGCCGCGGTAA"	"Mouse pancreas_Rep2"	"Pancreas"	3	"H3"	"F24, R27"	"F24"	"R27"	"CGACTGGA"	"TCTCTCCG "	"TA"	
"TA032Rep2"	"CGACTGGATCGACTAG"	"GGACTACNVGGGTWTCTAAT"	"GTGYCAGCMGCCGCGGTAA"	"Mouse pancreas_Rep2"	"Pancreas"	3	"H4"	"F24, R28"	"F24"	"R28"	"CGACTGGA"	"TCGACTAG "	"TA"	
"TA040Rep2"	"CGACTGGAAACGTGAT"	"GGACTACNVGGGTWTCTAAT"	"GTGYCAGCMGCCGCGGTAA"	"Mouse pancreas_Rep2"	"Pancreas"	3	"H5"	"F24, R29"	"F24"	"R29"	"CGACTGGA"	"AACGTGAT"	"TA"	
"TA024"	"CGACTGGAAGGCAGAA"	"GGACTACNVGGGTWTCTAAT"	"GTGYCAGCMGCCGCGGTAA"	"Mouse pancreas"	"Pancreas"	3	"H3"	"F24, R3"	"F24"	"R3"	"CGACTGGA"	"AGGCAGAA"	"TA"	
"TA048Rep2"	"CGACTGGAAAACATCG"	"GGACTACNVGGGTWTCTAAT"	"GTGYCAGCMGCCGCGGTAA"	"Mouse pancreas_Rep2"	"Pancreas"	3	"H6"	"F24, R30"	"F24"	"R30"	"CGACTGGA"	"AAACATCG"	"TA"	
"TA056Rep2"	"CGACTGGAAGTGGTCA"	"GGACTACNVGGGTWTCTAAT"	"GTGYCAGCMGCCGCGGTAA"	"Mouse pancreas_Rep2"	"Pancreas"	3	"H7"	"F24, R31"	"F24"	"R31"	"CGACTGGA"	"AGTGGTCA"	"TA"	
"TA064Rep2"	"CGACTGGAACCACTGT"	"GGACTACNVGGGTWTCTAAT"	"GTGYCAGCMGCCGCGGTAA"	"Mouse pancreas_Rep2"	"Pancreas"	3	"H8"	"F24, R32"	"F24"	"R32"	"CGACTGGA"	"ACCACTGT"	"TA"	
"TA072Rep2"	"CGACTGGAACATTGGC"	"GGACTACNVGGGTWTCTAAT"	"GTGYCAGCMGCCGCGGTAA"	"Mouse pancreas_Rep2"	"Pancreas"	3	"H9"	"F24, R33"	"F24"	"R33"	"CGACTGGA"	"ACATTGGC"	"TA"	
"TA080Rep2"	"CGACTGGACAGATCTG"	"GGACTACNVGGGTWTCTAAT"	"GTGYCAGCMGCCGCGGTAA"	"Mouse pancreas_Rep2"	"Pancreas"	3	"H10"	"F24, R34"	"F24"	"R34"	"CGACTGGA"	"CAGATCTG"	"TA"	
"TA088Rep2"	"CGACTGGACATCAAGT"	"GGACTACNVGGGTWTCTAAT"	"GTGYCAGCMGCCGCGGTAA"	"Mouse pancreas_Rep2"	"Pancreas"	3	"H11"	"F24, R35"	"F24"	"R35"	"CGACTGGA"	"CATCAAGT"	"TA"	
"TA096Rep2"	"CGACTGGACGCTGATC"	"GGACTACNVGGGTWTCTAAT"	"GTGYCAGCMGCCGCGGTAA"	"Mouse pancreas_Rep2"	"Pancreas"	3	"H12"	"F24, R36"	"F24"	"R36"	"CGACTGGA"	"CGCTGATC"	"TA"	
"TA032"	"CGACTGGATCCTGAGC"	"GGACTACNVGGGTWTCTAAT"	"GTGYCAGCMGCCGCGGTAA"	"Mouse pancreas"	"Pancreas"	3	"H4"	"F24, R4"	"F24"	"R4"	"CGACTGGA"	"TCCTGAGC"	"TA"	
"TA040"	"CGACTGGAGGACTCCT"	"GGACTACNVGGGTWTCTAAT"	"GTGYCAGCMGCCGCGGTAA"	"Mouse pancreas"	"Pancreas"	3	"H5"	"F24, R5"	"F24"	"R5"	"CGACTGGA"	"GGACTCCT"	"TA"	
"TA048"	"CGACTGGATAGGCATG"	"GGACTACNVGGGTWTCTAAT"	"GTGYCAGCMGCCGCGGTAA"	"Mouse pancreas"	"Pancreas"	3	"H6"	"F24, R6"	"F24"	"R6"	"CGACTGGA"	"TAGGCATG"	"TA"	
"TA056"	"CGACTGGACTCTCTAC"	"GGACTACNVGGGTWTCTAAT"	"GTGYCAGCMGCCGCGGTAA"	"Mouse pancreas"	"Pancreas"	3	"H7"	"F24, R7"	"F24"	"R7"	"CGACTGGA"	"CTCTCTAC"	"TA"	
"TA064"	"CGACTGGACAGAGAGG"	"GGACTACNVGGGTWTCTAAT"	"GTGYCAGCMGCCGCGGTAA"	"Mouse pancreas"	"Pancreas"	3	"H8"	"F24, R8"	"F24"	"R8"	"CGACTGGA"	"CAGAGAGG"	"TA"	
"TA072"	"CGACTGGAGCTACGCT"	"GGACTACNVGGGTWTCTAAT"	"GTGYCAGCMGCCGCGGTAA"	"Mouse pancreas"	"Pancreas"	3	"H9"	"F24, R9"	"F24"	"R9"	"CGACTGGA"	"GCTACGCT"	"TA"	
1589	"TATCCTCTTAAGGCGA"	"GGACTACNVGGGTWTCTAAT"	"GTGYCAGCMGCCGCGGTAA"	"SA-ADEL-WCH-078_T3"	"Tongue"	1	"C1"	"F3, R1"	"F3"	"R1"	"TATCCTCT"	"TAAGGCGA"	"IK"	
2225	"TATCCTCTCGAGGCTG"	"GGACTACNVGGGTWTCTAAT"	"GTGYCAGCMGCCGCGGTAA"	"SA-ADEL-WCH-034_B2"	"Milk"	1	"C10"	"F3, R10"	"F3"	"R10"	"TATCCTCT"	"CGAGGCTG"	"KN"	
2235	"TATCCTCTAAGAGGCA"	"GGACTACNVGGGTWTCTAAT"	"GTGYCAGCMGCCGCGGTAA"	"VIC-MEL-RMH-047_V4"	"Milk"	1	"C11"	"F3, R11"	"F3"	"R11"	"TATCCTCT"	"AAGAGGCA"	"KN"	
2243	"TATCCTCTGTAGAGGA"	"GGACTACNVGGGTWTCTAAT"	"GTGYCAGCMGCCGCGGTAA"	"SA-ADEL-WCH-010_B2"	"Milk"	1	"C12"	"F3, R12"	"F3"	"R12"	"TATCCTCT"	"GTAGAGGA"	"KN"	
1597	"TATCCTCTCGTACTAG"	"GGACTACNVGGGTWTCTAAT"	"GTGYCAGCMGCCGCGGTAA"	"SA-ADEL-REG-021_T2"	"Tongue"	1	"C2"	"F3, R2"	"F3"	"R2"	"TATCCTCT"	"CGTACTAG"	"IK"	
"1589Rep2"	"TATCCTCTGCGTAAGA"	"GGACTACNVGGGTWTCTAAT"	"GTGYCAGCMGCCGCGGTAA"	"SA-ADEL-WCH-078_T3_Rep2"	"Tongue"	1	"C1"	"F3, R25"	"F3"	"R25"	"TATCCTCT"	"GCGTAAGA "	"IK"	
"1597Rep2"	"TATCCTCTCGTCTAAT"	"GGACTACNVGGGTWTCTAAT"	"GTGYCAGCMGCCGCGGTAA"	"SA-ADEL-REG-021_T2_Rep2"	"Tongue"	1	"C2"	"F3, R26"	"F3"	"R26"	"TATCCTCT"	"CGTCTAAT "	"IK"	
"1605Rep2"	"TATCCTCTTCTCTCCG"	"GGACTACNVGGGTWTCTAAT"	"GTGYCAGCMGCCGCGGTAA"	"VIC-MEL-RMH-015_T1_Rep2"	"Tongue"	1	"C3"	"F3, R27"	"F3"	"R27"	"TATCCTCT"	"TCTCTCCG "	"IK"	
"1613Rep2"	"TATCCTCTTCGACTAG"	"GGACTACNVGGGTWTCTAAT"	"GTGYCAGCMGCCGCGGTAA"	"NSW-SYD-RHW-040_T3_Rep2"	"Tongue"	1	"C4"	"F3, R28"	"F3"	"R28"	"TATCCTCT"	"TCGACTAG "	"IK"	
"1621Rep2"	"TATCCTCTAACGTGAT"	"GGACTACNVGGGTWTCTAAT"	"GTGYCAGCMGCCGCGGTAA"	"NSW-SYD-STG-002_T2_Rep2"	"Tongue"	1	"C5"	"F3, R29"	"F3"	"R29"	"TATCCTCT"	"AACGTGAT"	"IK"	
1605	"TATCCTCTAGGCAGAA"	"GGACTACNVGGGTWTCTAAT"	"GTGYCAGCMGCCGCGGTAA"	"VIC-MEL-RMH-015_T1"	"Tongue"	1	"C3"	"F3, R3"	"F3"	"R3"	"TATCCTCT"	"AGGCAGAA"	"IK"	
"2193Rep2"	"TATCCTCTAAACATCG"	"GGACTACNVGGGTWTCTAAT"	"GTGYCAGCMGCCGCGGTAA"	"QLD-BRI-MATER-046_V5_Rep2"	"Milk"	1	"C6"	"F3, R30"	"F3"	"R30"	"TATCCTCT"	"AAACATCG"	"KN"	
"2201Rep2"	"TATCCTCTAGTGGTCA"	"GGACTACNVGGGTWTCTAAT"	"GTGYCAGCMGCCGCGGTAA"	"QLD-BRI-MATER-063_V3_Rep2"	"Milk"	1	"C7"	"F3, R31"	"F3"	"R31"	"TATCCTCT"	"AGTGGTCA"	"KN"	
"2209Rep2"	"TATCCTCTACCACTGT"	"GGACTACNVGGGTWTCTAAT"	"GTGYCAGCMGCCGCGGTAA"	"KIt BLANK LOT # 160024848_Rep2"	"Blank"	1	"C8"	"F3, R32"	"F3"	"R32"	"TATCCTCT"	"ACCACTGT"	"KN"	
"2217Rep2"	"TATCCTCTACATTGGC"	"GGACTACNVGGGTWTCTAAT"	"GTGYCAGCMGCCGCGGTAA"	"SA-ADEL-WCH-098_V1_Rep2"	"Milk"	1	"C9"	"F3, R33"	"F3"	"R33"	"TATCCTCT"	"ACATTGGC"	"KN"	
"2225Rep2"	"TATCCTCTCAGATCTG"	"GGACTACNVGGGTWTCTAAT"	"GTGYCAGCMGCCGCGGTAA"	"SA-ADEL-WCH-034_B2_Rep2"	"Milk"	1	"C10"	"F3, R34"	"F3"	"R34"	"TATCCTCT"	"CAGATCTG"	"KN"	
"2235Rep2"	"TATCCTCTCATCAAGT"	"GGACTACNVGGGTWTCTAAT"	"GTGYCAGCMGCCGCGGTAA"	"VIC-MEL-RMH-047_V4_Rep2"	"Milk"	1	"C11"	"F3, R35"	"F3"	"R35"	"TATCCTCT"	"CATCAAGT"	"KN"	
"2243Rep2"	"TATCCTCTCGCTGATC"	"GGACTACNVGGGTWTCTAAT"	"GTGYCAGCMGCCGCGGTAA"	"SA-ADEL-WCH-010_B2_Rep2"	"Milk"	1	"C12"	"F3, R36"	"F3"	"R36"	"TATCCTCT"	"CGCTGATC"	"KN"	
1613	"TATCCTCTTCCTGAGC"	"GGACTACNVGGGTWTCTAAT"	"GTGYCAGCMGCCGCGGTAA"	"NSW-SYD-RHW-040_T3"	"Tongue"	1	"C4"	"F3, R4"	"F3"	"R4"	"TATCCTCT"	"TCCTGAGC"	"IK"	
1621	"TATCCTCTGGACTCCT"	"GGACTACNVGGGTWTCTAAT"	"GTGYCAGCMGCCGCGGTAA"	"NSW-SYD-STG-002_T2"	"Tongue"	1	"C5"	"F3, R5"	"F3"	"R5"	"TATCCTCT"	"GGACTCCT"	"IK"	
2193	"TATCCTCTTAGGCATG"	"GGACTACNVGGGTWTCTAAT"	"GTGYCAGCMGCCGCGGTAA"	"QLD-BRI-MATER-046_V5"	"Milk"	1	"C6"	"F3, R6"	"F3"	"R6"	"TATCCTCT"	"TAGGCATG"	"KN"	
2201	"TATCCTCTCTCTCTAC"	"GGACTACNVGGGTWTCTAAT"	"GTGYCAGCMGCCGCGGTAA"	"QLD-BRI-MATER-063_V3"	"Milk"	1	"C7"	"F3, R7"	"F3"	"R7"	"TATCCTCT"	"CTCTCTAC"	"KN"	
2209	"TATCCTCTCAGAGAGG"	"GGACTACNVGGGTWTCTAAT"	"GTGYCAGCMGCCGCGGTAA"	"KIt BLANK LOT # 160024848"	"Blank"	1	"C8"	"F3, R8"	"F3"	"R8"	"TATCCTCT"	"CAGAGAGG"	"KN"	
2217	"TATCCTCTGCTACGCT"	"GGACTACNVGGGTWTCTAAT"	"GTGYCAGCMGCCGCGGTAA"	"SA-ADEL-WCH-098_V1"	"Milk"	1	"C9"	"F3, R9"	"F3"	"R9"	"TATCCTCT"	"GCTACGCT"	"KN"	
1590	"AGAGTAGATAAGGCGA"	"GGACTACNVGGGTWTCTAAT"	"GTGYCAGCMGCCGCGGTAA"	"NSW-SYD-STG-002_T3"	"Tongue"	1	"D1"	"F4, R1"	"F4"	"R1"	"AGAGTAGA"	"TAAGGCGA"	"IK"	
2226	"AGAGTAGACGAGGCTG"	"GGACTACNVGGGTWTCTAAT"	"GTGYCAGCMGCCGCGGTAA"	"WA-PER-PMH-072_B2"	"Milk"	1	"D10"	"F4, R10"	"F4"	"R10"	"AGAGTAGA"	"CGAGGCTG"	"KN"	
2236	"AGAGTAGAAAGAGGCA"	"GGACTACNVGGGTWTCTAAT"	"GTGYCAGCMGCCGCGGTAA"	"SA-ADEL-WCH-067_B2"	"Milk"	1	"D11"	"F4, R11"	"F4"	"R11"	"AGAGTAGA"	"AAGAGGCA"	"KN"	
2244	"AGAGTAGAGTAGAGGA"	"GGACTACNVGGGTWTCTAAT"	"GTGYCAGCMGCCGCGGTAA"	"WA-PER-PMH-001_V3"	"Milk"	1	"D12"	"F4, R12"	"F4"	"R12"	"AGAGTAGA"	"GTAGAGGA"	"KN"	
1598	"AGAGTAGACGTACTAG"	"GGACTACNVGGGTWTCTAAT"	"GTGYCAGCMGCCGCGGTAA"	"NSW-SYD-RHW-006_T2"	"Tongue"	1	"D2"	"F4, R2"	"F4"	"R2"	"AGAGTAGA"	"CGTACTAG"	"IK"	
"1590Rep2"	"AGAGTAGAGCGTAAGA"	"GGACTACNVGGGTWTCTAAT"	"GTGYCAGCMGCCGCGGTAA"	"NSW-SYD-STG-002_T3_Rep2"	"Tongue"	1	"D1"	"F4, R25"	"F4"	"R25"	"AGAGTAGA"	"GCGTAAGA "	"IK"	
"1598Rep2"	"AGAGTAGACGTCTAAT"	"GGACTACNVGGGTWTCTAAT"	"GTGYCAGCMGCCGCGGTAA"	"NSW-SYD-RHW-006_T2_Rep2"	"Tongue"	1	"D2"	"F4, R26"	"F4"	"R26"	"AGAGTAGA"	"CGTCTAAT "	"IK"	
"1606Rep2"	"AGAGTAGATCTCTCCG"	"GGACTACNVGGGTWTCTAAT"	"GTGYCAGCMGCCGCGGTAA"	"WA-PER-PMH-002_T1_Rep2"	"Tongue"	1	"D3"	"F4, R27"	"F4"	"R27"	"AGAGTAGA"	"TCTCTCCG "	"IK"	
"1614Rep2"	"AGAGTAGATCGACTAG"	"GGACTACNVGGGTWTCTAAT"	"GTGYCAGCMGCCGCGGTAA"	"NSW-SYD-RHW-056_T1_Rep2"	"Tongue"	1	"D4"	"F4, R28"	"F4"	"R28"	"AGAGTAGA"	"TCGACTAG "	"IK"	
"1622Rep2"	"AGAGTAGAAACGTGAT"	"GGACTACNVGGGTWTCTAAT"	"GTGYCAGCMGCCGCGGTAA"	"SA-ADEL-REG-032_T1_Rep2"	"Tongue"	1	"D5"	"F4, R29"	"F4"	"R29"	"AGAGTAGA"	"AACGTGAT"	"IK"	
1606	"AGAGTAGAAGGCAGAA"	"GGACTACNVGGGTWTCTAAT"	"GTGYCAGCMGCCGCGGTAA"	"WA-PER-PMH-002_T1"	"Tongue"	1	"D3"	"F4, R3"	"F4"	"R3"	"AGAGTAGA"	"AGGCAGAA"	"IK"	
"2194Rep2"	"AGAGTAGAAAACATCG"	"GGACTACNVGGGTWTCTAAT"	"GTGYCAGCMGCCGCGGTAA"	"VIC-MEL-RMH-047_B2_Rep2"	"Milk"	1	"D6"	"F4, R30"	"F4"	"R30"	"AGAGTAGA"	"AAACATCG"	"KN"	
"2202Rep2"	"AGAGTAGAAGTGGTCA"	"GGACTACNVGGGTWTCTAAT"	"GTGYCAGCMGCCGCGGTAA"	"NSW-SYD-RHW-061_V2_Rep2"	"Milk"	1	"D7"	"F4, R31"	"F4"	"R31"	"AGAGTAGA"	"AGTGGTCA"	"KN"	
"2210Rep2"	"AGAGTAGAACCACTGT"	"GGACTACNVGGGTWTCTAAT"	"GTGYCAGCMGCCGCGGTAA"	"QLD-BRI-MATER-063_V4_Rep2"	"Milk"	1	"D8"	"F4, R32"	"F4"	"R32"	"AGAGTAGA"	"ACCACTGT"	"KN"	
"2218Rep2"	"AGAGTAGAACATTGGC"	"GGACTACNVGGGTWTCTAAT"	"GTGYCAGCMGCCGCGGTAA"	"SA-ADEL-WCH-091_V3_Rep2"	"Milk"	1	"D9"	"F4, R33"	"F4"	"R33"	"AGAGTAGA"	"ACATTGGC"	"AS"	
"2226Rep2"	"AGAGTAGACAGATCTG"	"GGACTACNVGGGTWTCTAAT"	"GTGYCAGCMGCCGCGGTAA"	"WA-PER-PMH-072_B2_Rep2"	"Milk"	1	"D10"	"F4, R34"	"F4"	"R34"	"AGAGTAGA"	"CAGATCTG"	"KN"	
"2236Rep2"	"AGAGTAGACATCAAGT"	"GGACTACNVGGGTWTCTAAT"	"GTGYCAGCMGCCGCGGTAA"	"SA-ADEL-WCH-067_B2_Rep2"	"Milk"	1	"D11"	"F4, R35"	"F4"	"R35"	"AGAGTAGA"	"CATCAAGT"	"KN"	
"2244Rep2"	"AGAGTAGACGCTGATC"	"GGACTACNVGGGTWTCTAAT"	"GTGYCAGCMGCCGCGGTAA"	"WA-PER-PMH-001_V3_Rep2"	"Milk"	1	"D12"	"F4, R36"	"F4"	"R36"	"AGAGTAGA"	"CGCTGATC"	"KN"	
1614	"AGAGTAGATCCTGAGC"	"GGACTACNVGGGTWTCTAAT"	"GTGYCAGCMGCCGCGGTAA"	"NSW-SYD-RHW-056_T1"	"Tongue"	1	"D4"	"F4, R4"	"F4"	"R4"	"AGAGTAGA"	"TCCTGAGC"	"IK"	
1622	"AGAGTAGAGGACTCCT"	"GGACTACNVGGGTWTCTAAT"	"GTGYCAGCMGCCGCGGTAA"	"SA-ADEL-REG-032_T1"	"Tongue"	1	"D5"	"F4, R5"	"F4"	"R5"	"AGAGTAGA"	"GGACTCCT"	"IK"	
2194	"AGAGTAGATAGGCATG"	"GGACTACNVGGGTWTCTAAT"	"GTGYCAGCMGCCGCGGTAA"	"VIC-MEL-RMH-047_B2"	"Milk"	1	"D6"	"F4, R6"	"F4"	"R6"	"AGAGTAGA"	"TAGGCATG"	"KN"	
2202	"AGAGTAGACTCTCTAC"	"GGACTACNVGGGTWTCTAAT"	"GTGYCAGCMGCCGCGGTAA"	"NSW-SYD-RHW-061_V2"	"Milk"	1	"D7"	"F4, R7"	"F4"	"R7"	"AGAGTAGA"	"CTCTCTAC"	"KN"	
2210	"AGAGTAGACAGAGAGG"	"GGACTACNVGGGTWTCTAAT"	"GTGYCAGCMGCCGCGGTAA"	"QLD-BRI-MATER-063_V4"	"Milk"	1	"D8"	"F4, R8"	"F4"	"R8"	"AGAGTAGA"	"CAGAGAGG"	"KN"	
2218	"AGAGTAGAGCTACGCT"	"GGACTACNVGGGTWTCTAAT"	"GTGYCAGCMGCCGCGGTAA"	"SA-ADEL-WCH-091_V3"	"Milk"	1	"D9"	"F4, R9"	"F4"	"R9"	"AGAGTAGA"	"GCTACGCT"	"AS"	
1591	"GTAAGGAGTAAGGCGA"	"GGACTACNVGGGTWTCTAAT"	"GTGYCAGCMGCCGCGGTAA"	"SA-ADEL-WCH-070_T1"	"Tongue"	1	"E1"	"F5, R1"	"F5"	"R1"	"GTAAGGAG"	"TAAGGCGA"	"IK"	
2227	"GTAAGGAGCGAGGCTG"	"GGACTACNVGGGTWTCTAAT"	"GTGYCAGCMGCCGCGGTAA"	"WA-PER-PMH-047_B2"	"Milk"	1	"E10"	"F5, R10"	"F5"	"R10"	"GTAAGGAG"	"CGAGGCTG"	"KN"	
2237	"GTAAGGAGAAGAGGCA"	"GGACTACNVGGGTWTCTAAT"	"GTGYCAGCMGCCGCGGTAA"	"SA-ADEL-WCH-040_V3"	"Milk"	1	"E11"	"F5, R11"	"F5"	"R11"	"GTAAGGAG"	"AAGAGGCA"	"KN"	
2245	"GTAAGGAGGTAGAGGA"	"GGACTACNVGGGTWTCTAAT"	"GTGYCAGCMGCCGCGGTAA"	"VIC-MEL-RMH-022_V3"	"Milk"	1	"E12"	"F5, R12"	"F5"	"R12"	"GTAAGGAG"	"GTAGAGGA"	"KN"	
1599	"GTAAGGAGCGTACTAG"	"GGACTACNVGGGTWTCTAAT"	"GTGYCAGCMGCCGCGGTAA"	"SA-ADEL-WCH-070_T3"	"Tongue"	1	"E2"	"F5, R2"	"F5"	"R2"	"GTAAGGAG"	"CGTACTAG"	"IK"	
"1591Rep2"	"GTAAGGAGGCGTAAGA"	"GGACTACNVGGGTWTCTAAT"	"GTGYCAGCMGCCGCGGTAA"	"SA-ADEL-WCH-070_T1_Rep2"	"Tongue"	1	"E1"	"F5, R25"	"F5"	"R25"	"GTAAGGAG"	"GCGTAAGA "	"IK"	
"1599Rep2"	"GTAAGGAGCGTCTAAT"	"GGACTACNVGGGTWTCTAAT"	"GTGYCAGCMGCCGCGGTAA"	"SA-ADEL-WCH-070_T3_Rep2"	"Tongue"	1	"E2"	"F5, R26"	"F5"	"R26"	"GTAAGGAG"	"CGTCTAAT "	"IK"	
"1607Rep2"	"GTAAGGAGTCTCTCCG"	"GGACTACNVGGGTWTCTAAT"	"GTGYCAGCMGCCGCGGTAA"	"VIC-MEL-RMH-015_T2_Rep2"	"Tongue"	1	"E3"	"F5, R27"	"F5"	"R27"	"GTAAGGAG"	"TCTCTCCG "	"IK"	
"1615Rep2"	"GTAAGGAGTCGACTAG"	"GGACTACNVGGGTWTCTAAT"	"GTGYCAGCMGCCGCGGTAA"	"NSW-SYD-CHW-037_T2_Rep2"	"Tongue"	1	"E4"	"F5, R28"	"F5"	"R28"	"GTAAGGAG"	"TCGACTAG "	"IK"	
"1623Rep2"	"GTAAGGAGAACGTGAT"	"GGACTACNVGGGTWTCTAAT"	"GTGYCAGCMGCCGCGGTAA"	"NSW-SYD-CHW-011_T2_Rep2"	"Tongue"	1	"E5"	"F5, R29"	"F5"	"R29"	"GTAAGGAG"	"AACGTGAT"	"IK"	
1607	"GTAAGGAGAGGCAGAA"	"GGACTACNVGGGTWTCTAAT"	"GTGYCAGCMGCCGCGGTAA"	"VIC-MEL-RMH-015_T2"	"Tongue"	1	"E3"	"F5, R3"	"F5"	"R3"	"GTAAGGAG"	"AGGCAGAA"	"IK"	
"2195Rep2"	"GTAAGGAGAAACATCG"	"GGACTACNVGGGTWTCTAAT"	"GTGYCAGCMGCCGCGGTAA"	"SA-ADEL-WCH-070_V3_Rep2"	"Milk"	1	"E6"	"F5, R30"	"F5"	"R30"	"GTAAGGAG"	"AAACATCG"	"KN"	
"2203Rep2"	"GTAAGGAGAGTGGTCA"	"GGACTACNVGGGTWTCTAAT"	"GTGYCAGCMGCCGCGGTAA"	"SA-ADEL-WCH-098_V2_Rep2"	"Milk"	1	"E7"	"F5, R31"	"F5"	"R31"	"GTAAGGAG"	"AGTGGTCA"	"KN"	
"2211Rep2"	"GTAAGGAGACCACTGT"	"GGACTACNVGGGTWTCTAAT"	"GTGYCAGCMGCCGCGGTAA"	"QLD-BRI-MATER-091_V2_Rep2"	"Milk"	1	"E8"	"F5, R32"	"F5"	"R32"	"GTAAGGAG"	"ACCACTGT"	"KN"	
"2219Rep2"	"GTAAGGAGACATTGGC"	"GGACTACNVGGGTWTCTAAT"	"GTGYCAGCMGCCGCGGTAA"	"SA-ADEL-WCH-113_B2_Rep2"	"Milk"	1	"E9"	"F5, R33"	"F5"	"R33"	"GTAAGGAG"	"ACATTGGC"	"KN"	
"2227Rep2"	"GTAAGGAGCAGATCTG"	"GGACTACNVGGGTWTCTAAT"	"GTGYCAGCMGCCGCGGTAA"	"WA-PER-PMH-047_B2_Rep2"	"Milk"	1	"E10"	"F5, R34"	"F5"	"R34"	"GTAAGGAG"	"CAGATCTG"	"KN"	
"2237Rep2"	"GTAAGGAGCATCAAGT"	"GGACTACNVGGGTWTCTAAT"	"GTGYCAGCMGCCGCGGTAA"	"SA-ADEL-WCH-040_V3_Rep2"	"Milk"	1	"E11"	"F5, R35"	"F5"	"R35"	"GTAAGGAG"	"CATCAAGT"	"KN"	
"2245Rep2"	"GTAAGGAGCGCTGATC"	"GGACTACNVGGGTWTCTAAT"	"GTGYCAGCMGCCGCGGTAA"	"VIC-MEL-RMH-022_V3_Rep2"	"Milk"	1	"E12"	"F5, R36"	"F5"	"R36"	"GTAAGGAG"	"CGCTGATC"	"KN"	
1615	"GTAAGGAGTCCTGAGC"	"GGACTACNVGGGTWTCTAAT"	"GTGYCAGCMGCCGCGGTAA"	"NSW-SYD-CHW-037_T2"	"Tongue"	1	"E4"	"F5, R4"	"F5"	"R4"	"GTAAGGAG"	"TCCTGAGC"	"IK"	
1623	"GTAAGGAGGGACTCCT"	"GGACTACNVGGGTWTCTAAT"	"GTGYCAGCMGCCGCGGTAA"	"NSW-SYD-CHW-011_T2"	"Tongue"	1	"E5"	"F5, R5"	"F5"	"R5"	"GTAAGGAG"	"GGACTCCT"	"IK"	
2195	"GTAAGGAGTAGGCATG"	"GGACTACNVGGGTWTCTAAT"	"GTGYCAGCMGCCGCGGTAA"	"SA-ADEL-WCH-070_V3"	"Milk"	1	"E6"	"F5, R6"	"F5"	"R6"	"GTAAGGAG"	"TAGGCATG"	"KN"	
2203	"GTAAGGAGCTCTCTAC"	"GGACTACNVGGGTWTCTAAT"	"GTGYCAGCMGCCGCGGTAA"	"SA-ADEL-WCH-098_V2"	"Milk"	1	"E7"	"F5, R7"	"F5"	"R7"	"GTAAGGAG"	"CTCTCTAC"	"KN"	
2211	"GTAAGGAGCAGAGAGG"	"GGACTACNVGGGTWTCTAAT"	"GTGYCAGCMGCCGCGGTAA"	"QLD-BRI-MATER-091_V2"	"Milk"	1	"E8"	"F5, R8"	"F5"	"R8"	"GTAAGGAG"	"CAGAGAGG"	"KN"	
2219	"GTAAGGAGGCTACGCT"	"GGACTACNVGGGTWTCTAAT"	"GTGYCAGCMGCCGCGGTAA"	"SA-ADEL-WCH-113_B2"	"Milk"	1	"E9"	"F5, R9"	"F5"	"R9"	"GTAAGGAG"	"GCTACGCT"	"KN"	
1592	"ACTGCATATAAGGCGA"	"GGACTACNVGGGTWTCTAAT"	"GTGYCAGCMGCCGCGGTAA"	"SA-ADEL-REG-021_T1"	"Tongue"	1	"F1"	"F6, R1"	"F6"	"R1"	"ACTGCATA"	"TAAGGCGA"	"IK"	
2228	"ACTGCATACGAGGCTG"	"GGACTACNVGGGTWTCTAAT"	"GTGYCAGCMGCCGCGGTAA"	"VIC-MEL-RMH-047_B1"	"Milk"	1	"F10"	"F6, R10"	"F6"	"R10"	"ACTGCATA"	"CGAGGCTG"	"KN"	
2238	"ACTGCATAAAGAGGCA"	"GGACTACNVGGGTWTCTAAT"	"GTGYCAGCMGCCGCGGTAA"	"SA-ADEL-WCH-058_B2"	"Milk"	1	"F11"	"F6, R11"	"F6"	"R11"	"ACTGCATA"	"AAGAGGCA"	"KN"	
"H2O2"	"ACTGCATAGTAGAGGA"	"GGACTACNVGGGTWTCTAAT"	"GTGYCAGCMGCCGCGGTAA"	"Water Control for 16S PCR#2"	"Blank"	1	"F12"	"F6, R12"	"F6"	"R12"	"ACTGCATA"	"GTAGAGGA"	"NA"	
2741	"ACTGCATACGTACTAG"	"GGACTACNVGGGTWTCTAAT"	"GTGYCAGCMGCCGCGGTAA"	"KIT BLANK LOT # 163024722"	"Stool"	1	"F2"	"F6, R2"	"F6"	"R2"	"ACTGCATA"	"CGTACTAG"	"IK"	
"1592Rep2"	"ACTGCATAGCGTAAGA"	"GGACTACNVGGGTWTCTAAT"	"GTGYCAGCMGCCGCGGTAA"	"SA-ADEL-REG-021_T1_Rep2"	"Tongue"	1	"F1"	"F6, R25"	"F6"	"R25"	"ACTGCATA"	"GCGTAAGA "	"IK"	
"2741Rep2"	"ACTGCATACGTCTAAT"	"GGACTACNVGGGTWTCTAAT"	"GTGYCAGCMGCCGCGGTAA"	"KIT BLANK LOT # 163024722_Rep2"	"Stool"	1	"F2"	"F6, R26"	"F6"	"R26"	"ACTGCATA"	"CGTCTAAT "	"IK"	
"1608Rep2"	"ACTGCATATCTCTCCG"	"GGACTACNVGGGTWTCTAAT"	"GTGYCAGCMGCCGCGGTAA"	"WA-PER-PMH-001_T2_Rep2"	"Tongue"	1	"F3"	"F6, R27"	"F6"	"R27"	"ACTGCATA"	"TCTCTCCG "	"IK"	
"1616Rep2"	"ACTGCATATCGACTAG"	"GGACTACNVGGGTWTCTAAT"	"GTGYCAGCMGCCGCGGTAA"	"NSW-SYD-CHW-046_T2_Rep2"	"Tongue"	1	"F4"	"F6, R28"	"F6"	"R28"	"ACTGCATA"	"TCGACTAG "	"IK"	
"1624Rep2"	"ACTGCATAAACGTGAT"	"GGACTACNVGGGTWTCTAAT"	"GTGYCAGCMGCCGCGGTAA"	"NSW-SYD-CHW-037_T1_Rep2"	"Tongue"	1	"F5"	"F6, R29"	"F6"	"R29"	"ACTGCATA"	"AACGTGAT"	"IK"	
1608	"ACTGCATAAGGCAGAA"	"GGACTACNVGGGTWTCTAAT"	"GTGYCAGCMGCCGCGGTAA"	"WA-PER-PMH-001_T2"	"Tongue"	1	"F3"	"F6, R3"	"F6"	"R3"	"ACTGCATA"	"AGGCAGAA"	"IK"	
"2196Rep2"	"ACTGCATAAAACATCG"	"GGACTACNVGGGTWTCTAAT"	"GTGYCAGCMGCCGCGGTAA"	"SA-ADEL-REG-010_V2_Rep2"	"Milk"	1	"F6"	"F6, R30"	"F6"	"R30"	"ACTGCATA"	"AAACATCG"	"KN"	
"2204Rep2"	"ACTGCATAAGTGGTCA"	"GGACTACNVGGGTWTCTAAT"	"GTGYCAGCMGCCGCGGTAA"	"VIC-MEL-RMH-045_V4_Rep2"	"Milk"	1	"F7"	"F6, R31"	"F6"	"R31"	"ACTGCATA"	"AGTGGTCA"	"KN"	
"2212Rep2"	"ACTGCATAACCACTGT"	"GGACTACNVGGGTWTCTAAT"	"GTGYCAGCMGCCGCGGTAA"	"SA-ADEL-WCH-102_V2_Rep2"	"Milk"	1	"F8"	"F6, R32"	"F6"	"R32"	"ACTGCATA"	"ACCACTGT"	"KN"	
"2220Rep2"	"ACTGCATAACATTGGC"	"GGACTACNVGGGTWTCTAAT"	"GTGYCAGCMGCCGCGGTAA"	"NSW-SYD-CHW-068_V1_Rep2"	"Milk"	1	"F9"	"F6, R33"	"F6"	"R33"	"ACTGCATA"	"ACATTGGC"	"KN"	
"2228Rep2"	"ACTGCATACAGATCTG"	"GGACTACNVGGGTWTCTAAT"	"GTGYCAGCMGCCGCGGTAA"	"VIC-MEL-RMH-047_B1_Rep2"	"Milk"	1	"F10"	"F6, R34"	"F6"	"R34"	"ACTGCATA"	"CAGATCTG"	"KN"	
"2238Rep2"	"ACTGCATACATCAAGT"	"GGACTACNVGGGTWTCTAAT"	"GTGYCAGCMGCCGCGGTAA"	"SA-ADEL-WCH-058_B2_Rep2"	"Milk"	1	"F11"	"F6, R35"	"F6"	"R35"	"ACTGCATA"	"CATCAAGT"	"KN"	
"H2O2Rep2"	"ACTGCATACGCTGATC"	"GGACTACNVGGGTWTCTAAT"	"GTGYCAGCMGCCGCGGTAA"	"Water Control for 16S PCR#2_Rep2"	"Blank"	1	"F12"	"F6, R36"	"F6"	"R36"	"ACTGCATA"	"CGCTGATC"	"NA"	
1616	"ACTGCATATCCTGAGC"	"GGACTACNVGGGTWTCTAAT"	"GTGYCAGCMGCCGCGGTAA"	"NSW-SYD-CHW-046_T2"	"Tongue"	1	"F4"	"F6, R4"	"F6"	"R4"	"ACTGCATA"	"TCCTGAGC"	"IK"	
1624	"ACTGCATAGGACTCCT"	"GGACTACNVGGGTWTCTAAT"	"GTGYCAGCMGCCGCGGTAA"	"NSW-SYD-CHW-037_T1"	"Tongue"	1	"F5"	"F6, R5"	"F6"	"R5"	"ACTGCATA"	"GGACTCCT"	"IK"	
2196	"ACTGCATATAGGCATG"	"GGACTACNVGGGTWTCTAAT"	"GTGYCAGCMGCCGCGGTAA"	"SA-ADEL-REG-010_V2"	"Milk"	1	"F6"	"F6, R6"	"F6"	"R6"	"ACTGCATA"	"TAGGCATG"	"KN"	
2204	"ACTGCATACTCTCTAC"	"GGACTACNVGGGTWTCTAAT"	"GTGYCAGCMGCCGCGGTAA"	"VIC-MEL-RMH-045_V4"	"Milk"	1	"F7"	"F6, R7"	"F6"	"R7"	"ACTGCATA"	"CTCTCTAC"	"KN"	
2212	"ACTGCATACAGAGAGG"	"GGACTACNVGGGTWTCTAAT"	"GTGYCAGCMGCCGCGGTAA"	"SA-ADEL-WCH-102_V2"	"Milk"	1	"F8"	"F6, R8"	"F6"	"R8"	"ACTGCATA"	"CAGAGAGG"	"KN"	
2220	"ACTGCATAGCTACGCT"	"GGACTACNVGGGTWTCTAAT"	"GTGYCAGCMGCCGCGGTAA"	"NSW-SYD-CHW-068_V1"	"Milk"	1	"F9"	"F6, R9"	"F6"	"R9"	"ACTGCATA"	"GCTACGCT"	"KN"	
1593	"AAGGAGTATAAGGCGA"	"GGACTACNVGGGTWTCTAAT"	"GTGYCAGCMGCCGCGGTAA"	"SA-ADEL-REG-032_T2"	"Tongue"	1	"G1"	"F7, R1"	"F7"	"R1"	"AAGGAGTA"	"TAAGGCGA"	"IK"	
2229	"AAGGAGTACGAGGCTG"	"GGACTACNVGGGTWTCTAAT"	"GTGYCAGCMGCCGCGGTAA"	"VIC-MEL-RMH-022_V4"	"Milk"	1	"G10"	"F7, R10"	"F7"	"R10"	"AAGGAGTA"	"CGAGGCTG"	"KN"	
2239	"AAGGAGTAAAGAGGCA"	"GGACTACNVGGGTWTCTAAT"	"GTGYCAGCMGCCGCGGTAA"	"SA-ADEL-WCH-058_V1"	"Milk"	1	"G11"	"F7, R11"	"F7"	"R11"	"AAGGAGTA"	"AAGAGGCA"	"KN"	
"ZR2Std"	"AAGGAGTAGTAGAGGA"	"GGACTACNVGGGTWTCTAAT"	"GTGYCAGCMGCCGCGGTAA"	"ZR Microbial DNA Standard, 5ng"	"Standard"	1	"G12"	"F7, R12"	"F7"	"R12"	"AAGGAGTA"	"GTAGAGGA"	"NA"	
1601	"AAGGAGTACGTACTAG"	"GGACTACNVGGGTWTCTAAT"	"GTGYCAGCMGCCGCGGTAA"	"SA-ADEL-WCH-070_T2"	"Tongue"	1	"G2"	"F7, R2"	"F7"	"R2"	"AAGGAGTA"	"CGTACTAG"	"IK"	
"1593Rep2"	"AAGGAGTAGCGTAAGA"	"GGACTACNVGGGTWTCTAAT"	"GTGYCAGCMGCCGCGGTAA"	"SA-ADEL-REG-032_T2_Rep2"	"Tongue"	1	"G1"	"F7, R25"	"F7"	"R25"	"AAGGAGTA"	"GCGTAAGA "	"IK"	
"1601Rep2"	"AAGGAGTACGTCTAAT"	"GGACTACNVGGGTWTCTAAT"	"GTGYCAGCMGCCGCGGTAA"	"SA-ADEL-WCH-070_T2_Rep2"	"Tongue"	1	"G2"	"F7, R26"	"F7"	"R26"	"AAGGAGTA"	"CGTCTAAT "	"IK"	
"1609Rep2"	"AAGGAGTATCTCTCCG"	"GGACTACNVGGGTWTCTAAT"	"GTGYCAGCMGCCGCGGTAA"	"SA-ADEL-WCH-002_T2_Rep2"	"Tongue"	1	"G3"	"F7, R27"	"F7"	"R27"	"AAGGAGTA"	"TCTCTCCG "	"IK"	
"1617Rep2"	"AAGGAGTATCGACTAG"	"GGACTACNVGGGTWTCTAAT"	"GTGYCAGCMGCCGCGGTAA"	"SA-ADEL-WCH-108_T1_Rep2"	"Tongue"	1	"G4"	"F7, R28"	"F7"	"R28"	"AAGGAGTA"	"TCGACTAG "	"IK"	
"1625Rep2"	"AAGGAGTAAACGTGAT"	"GGACTACNVGGGTWTCTAAT"	"GTGYCAGCMGCCGCGGTAA"	"Kit blank _Rep2"	"Blank"	1	"G5"	"F7, R29"	"F7"	"R29"	"AAGGAGTA"	"AACGTGAT"	"IK"	
1609	"AAGGAGTAAGGCAGAA"	"GGACTACNVGGGTWTCTAAT"	"GTGYCAGCMGCCGCGGTAA"	"SA-ADEL-WCH-002_T2"	"Tongue"	1	"G3"	"F7, R3"	"F7"	"R3"	"AAGGAGTA"	"AGGCAGAA"	"IK"	
"2197Rep2"	"AAGGAGTAAAACATCG"	"GGACTACNVGGGTWTCTAAT"	"GTGYCAGCMGCCGCGGTAA"	"WA-PER-PMH-047_V2_Rep2"	"Milk"	1	"G6"	"F7, R30"	"F7"	"R30"	"AAGGAGTA"	"AAACATCG"	"KN"	
"2205Rep2"	"AAGGAGTAAGTGGTCA"	"GGACTACNVGGGTWTCTAAT"	"GTGYCAGCMGCCGCGGTAA"	"SA-ADEL-WCH-106_V1_Rep2"	"Milk"	1	"G7"	"F7, R31"	"F7"	"R31"	"AAGGAGTA"	"AGTGGTCA"	"KN"	
"2213Rep2"	"AAGGAGTAACCACTGT"	"GGACTACNVGGGTWTCTAAT"	"GTGYCAGCMGCCGCGGTAA"	"WA-PER-PMH-104_B1_Rep2"	"Milk"	1	"G8"	"F7, R32"	"F7"	"R32"	"AAGGAGTA"	"ACCACTGT"	"KN"	
"2221Rep2"	"AAGGAGTAACATTGGC"	"GGACTACNVGGGTWTCTAAT"	"GTGYCAGCMGCCGCGGTAA"	"SA-ADEL-WCH-020_V3_Rep2"	"Milk"	1	"G9"	"F7, R33"	"F7"	"R33"	"AAGGAGTA"	"ACATTGGC"	"KN"	
"2229Rep2"	"AAGGAGTACAGATCTG"	"GGACTACNVGGGTWTCTAAT"	"GTGYCAGCMGCCGCGGTAA"	"VIC-MEL-RMH-022_V4_Rep2"	"Milk"	1	"G10"	"F7, R34"	"F7"	"R34"	"AAGGAGTA"	"CAGATCTG"	"KN"	
"2239Rep2"	"AAGGAGTACATCAAGT"	"GGACTACNVGGGTWTCTAAT"	"GTGYCAGCMGCCGCGGTAA"	"SA-ADEL-WCH-058_V1_Rep2"	"Milk"	1	"G11"	"F7, R35"	"F7"	"R35"	"AAGGAGTA"	"CATCAAGT"	"KN"	
"ZR2StdRep2"	"AAGGAGTACGCTGATC"	"GGACTACNVGGGTWTCTAAT"	"GTGYCAGCMGCCGCGGTAA"	"ZR Microbial DNA Standard, 5ng_Rep2"	"Standard"	1	"G12"	"F7, R36"	"F7"	"R36"	"AAGGAGTA"	"CGCTGATC"	"NA"	
1617	"AAGGAGTATCCTGAGC"	"GGACTACNVGGGTWTCTAAT"	"GTGYCAGCMGCCGCGGTAA"	"SA-ADEL-WCH-108_T1"	"Tongue"	1	"G4"	"F7, R4"	"F7"	"R4"	"AAGGAGTA"	"TCCTGAGC"	"IK"	
1625	"AAGGAGTAGGACTCCT"	"GGACTACNVGGGTWTCTAAT"	"GTGYCAGCMGCCGCGGTAA"	"Kit blank "	"Blank"	1	"G5"	"F7, R5"	"F7"	"R5"	"AAGGAGTA"	"GGACTCCT"	"IK"	
2197	"AAGGAGTATAGGCATG"	"GGACTACNVGGGTWTCTAAT"	"GTGYCAGCMGCCGCGGTAA"	"WA-PER-PMH-047_V2"	"Milk"	1	"G6"	"F7, R6"	"F7"	"R6"	"AAGGAGTA"	"TAGGCATG"	"KN"	
2205	"AAGGAGTACTCTCTAC"	"GGACTACNVGGGTWTCTAAT"	"GTGYCAGCMGCCGCGGTAA"	"SA-ADEL-WCH-106_V1"	"Milk"	1	"G7"	"F7, R7"	"F7"	"R7"	"AAGGAGTA"	"CTCTCTAC"	"KN"	
2213	"AAGGAGTACAGAGAGG"	"GGACTACNVGGGTWTCTAAT"	"GTGYCAGCMGCCGCGGTAA"	"WA-PER-PMH-104_B1"	"Milk"	1	"G8"	"F7, R8"	"F7"	"R8"	"AAGGAGTA"	"CAGAGAGG"	"KN"	
2221	"AAGGAGTAGCTACGCT"	"GGACTACNVGGGTWTCTAAT"	"GTGYCAGCMGCCGCGGTAA"	"SA-ADEL-WCH-020_V3"	"Milk"	1	"G9"	"F7, R9"	"F7"	"R9"	"AAGGAGTA"	"GCTACGCT"	"KN"	
1594	"CTAAGCCTTAAGGCGA"	"GGACTACNVGGGTWTCTAAT"	"GTGYCAGCMGCCGCGGTAA"	"SA-ADEL-WCH-003_T3"	"Tongue"	1	"H1"	"F8, R1"	"F8"	"R1"	"CTAAGCCT"	"TAAGGCGA"	"IK"	
2230	"CTAAGCCTCGAGGCTG"	"GGACTACNVGGGTWTCTAAT"	"GTGYCAGCMGCCGCGGTAA"	"VIC-MEL-RMH-041_B2"	"Milk"	1	"H10"	"F8, R10"	"F8"	"R10"	"CTAAGCCT"	"CGAGGCTG"	"KN"	
2240	"CTAAGCCTAAGAGGCA"	"GGACTACNVGGGTWTCTAAT"	"GTGYCAGCMGCCGCGGTAA"	"SA-ADEL-WCH-078_B2"	"Milk"	1	"H11"	"F8, R11"	"F8"	"R11"	"CTAAGCCT"	"AAGAGGCA"	"KN"	
"NTC3"	"CTAAGCCTGTAGAGGA"	"GGACTACNVGGGTWTCTAAT"	"GTGYCAGCMGCCGCGGTAA"	"No template control, 16S PCR#1"	"Blank"	1	"H12"	"F8, R12"	"F8"	"R12"	"CTAAGCCT"	"GTAGAGGA"	"NA"	
1602	"CTAAGCCTCGTACTAG"	"GGACTACNVGGGTWTCTAAT"	"GTGYCAGCMGCCGCGGTAA"	"WA-PER-PMH-002_T2"	"Tongue"	1	"H2"	"F8, R2"	"F8"	"R2"	"CTAAGCCT"	"CGTACTAG"	"IK"	
"1594Rep2"	"CTAAGCCTGCGTAAGA"	"GGACTACNVGGGTWTCTAAT"	"GTGYCAGCMGCCGCGGTAA"	"SA-ADEL-WCH-003_T3_Rep2"	"Tongue"	1	"H1"	"F8, R25"	"F8"	"R25"	"CTAAGCCT"	"GCGTAAGA "	"IK"	
"1602Rep2"	"CTAAGCCTCGTCTAAT"	"GGACTACNVGGGTWTCTAAT"	"GTGYCAGCMGCCGCGGTAA"	"WA-PER-PMH-002_T2_Rep2"	"Tongue"	1	"H2"	"F8, R26"	"F8"	"R26"	"CTAAGCCT"	"CGTCTAAT "	"IK"	
"1610Rep2"	"CTAAGCCTTCTCTCCG"	"GGACTACNVGGGTWTCTAAT"	"GTGYCAGCMGCCGCGGTAA"	"SA-ADEL-WCH-001_T1_Rep2"	"Tongue"	1	"H3"	"F8, R27"	"F8"	"R27"	"CTAAGCCT"	"TCTCTCCG "	"IK"	
"1618Rep2"	"CTAAGCCTTCGACTAG"	"GGACTACNVGGGTWTCTAAT"	"GTGYCAGCMGCCGCGGTAA"	"NSW-SYD-CHW-046_T1_Rep2"	"Tongue"	1	"H5"	"F8, R28"	"F8"	"R28"	"CTAAGCCT"	"TCGACTAG "	"IK"	
"2190Rep2"	"CTAAGCCTAACGTGAT"	"GGACTACNVGGGTWTCTAAT"	"GTGYCAGCMGCCGCGGTAA"	"NSW-SYD-CHW-068_B2_Rep2"	"Milk"	1	"H5"	"F8, R29"	"F8"	"R29"	"CTAAGCCT"	"AACGTGAT"	"KN"	
1610	"CTAAGCCTAGGCAGAA"	"GGACTACNVGGGTWTCTAAT"	"GTGYCAGCMGCCGCGGTAA"	"SA-ADEL-WCH-001_T1"	"Tongue"	1	"H3"	"F8, R3"	"F8"	"R3"	"CTAAGCCT"	"AGGCAGAA"	"IK"	
"2198Rep2"	"CTAAGCCTAAACATCG"	"GGACTACNVGGGTWTCTAAT"	"GTGYCAGCMGCCGCGGTAA"	"WA-PER-PMH-054_V2_Rep2"	"Milk"	1	"H6"	"F8, R30"	"F8"	"R30"	"CTAAGCCT"	"AAACATCG"	"KN"	
"2206Rep2"	"CTAAGCCTAGTGGTCA"	"GGACTACNVGGGTWTCTAAT"	"GTGYCAGCMGCCGCGGTAA"	"QLD-BRI-MATER-097_V2_Rep2"	"Milk"	1	"H7"	"F8, R31"	"F8"	"R31"	"CTAAGCCT"	"AGTGGTCA"	"KN"	
"2214Rep2"	"CTAAGCCTACCACTGT"	"GGACTACNVGGGTWTCTAAT"	"GTGYCAGCMGCCGCGGTAA"	"SA-ADEL-REG-032_V2_Rep2"	"Milk"	1	"H8"	"F8, R32"	"F8"	"R32"	"CTAAGCCT"	"ACCACTGT"	"KN"	
"2222Rep2"	"CTAAGCCTACATTGGC"	"GGACTACNVGGGTWTCTAAT"	"GTGYCAGCMGCCGCGGTAA"	"SA-ADEL-WCH-022_V2_Rep2"	"Milk"	1	"H9"	"F8, R33"	"F8"	"R33"	"CTAAGCCT"	"ACATTGGC"	"KN"	
"2230Rep2"	"CTAAGCCTCAGATCTG"	"GGACTACNVGGGTWTCTAAT"	"GTGYCAGCMGCCGCGGTAA"	"VIC-MEL-RMH-041_B2_Rep2"	"Milk"	1	"H10"	"F8, R34"	"F8"	"R34"	"CTAAGCCT"	"CAGATCTG"	"KN"	
"2240Rep2"	"CTAAGCCTCATCAAGT"	"GGACTACNVGGGTWTCTAAT"	"GTGYCAGCMGCCGCGGTAA"	"SA-ADEL-WCH-078_B2_Rep2"	"Milk"	1	"H11"	"F8, R35"	"F8"	"R35"	"CTAAGCCT"	"CATCAAGT"	"KN"	
"NTCRep2"	"CTAAGCCTCGCTGATC"	"GGACTACNVGGGTWTCTAAT"	"GTGYCAGCMGCCGCGGTAA"	"No template control, 16S PCR#1_Rep2"	"Blank"	1	"H12"	"F8, R36"	"F8"	"R36"	"CTAAGCCT"	"CGCTGATC"	"NA"	
1618	"CTAAGCCTTCCTGAGC"	"GGACTACNVGGGTWTCTAAT"	"GTGYCAGCMGCCGCGGTAA"	"NSW-SYD-CHW-046_T1"	"Tongue"	1	"H5"	"F8, R4"	"F8"	"R4"	"CTAAGCCT"	"TCCTGAGC"	"IK"	
2190	"CTAAGCCTGGACTCCT"	"GGACTACNVGGGTWTCTAAT"	"GTGYCAGCMGCCGCGGTAA"	"NSW-SYD-CHW-068_B2"	"Milk"	1	"H5"	"F8, R5"	"F8"	"R5"	"CTAAGCCT"	"GGACTCCT"	"KN"	
2198	"CTAAGCCTTAGGCATG"	"GGACTACNVGGGTWTCTAAT"	"GTGYCAGCMGCCGCGGTAA"	"WA-PER-PMH-054_V2"	"Milk"	1	"H6"	"F8, R6"	"F8"	"R6"	"CTAAGCCT"	"TAGGCATG"	"KN"	
2206	"CTAAGCCTCTCTCTAC"	"GGACTACNVGGGTWTCTAAT"	"GTGYCAGCMGCCGCGGTAA"	"QLD-BRI-MATER-097_V2"	"Milk"	1	"H7"	"F8, R7"	"F8"	"R7"	"CTAAGCCT"	"CTCTCTAC"	"KN"	
2214	"CTAAGCCTCAGAGAGG"	"GGACTACNVGGGTWTCTAAT"	"GTGYCAGCMGCCGCGGTAA"	"SA-ADEL-REG-032_V2"	"Milk"	1	"H8"	"F8, R8"	"F8"	"R8"	"CTAAGCCT"	"CAGAGAGG"	"KN"	
2222	"CTAAGCCTGCTACGCT"	"GGACTACNVGGGTWTCTAAT"	"GTGYCAGCMGCCGCGGTAA"	"SA-ADEL-WCH-022_V2"	"Milk"	1	"H9"	"F8, R9"	"F8"	"R9"	"CTAAGCCT"	"GCTACGCT"	"KN"	
2246	"CCGAAGTATAAGGCGA"	"GGACTACNVGGGTWTCTAAT"	"GTGYCAGCMGCCGCGGTAA"	"VIC-MEL-RMH-057_V2"	"Milk"	2	"A1"	"F9, R1"	"F9"	"R1"	"CCGAAGTA"	"TAAGGCGA"	"KN"	
"EB33"	"CCGAAGTACGAGGCTG"	"GGACTACNVGGGTWTCTAAT"	"GTGYCAGCMGCCGCGGTAA"	"NB Zymo"	"Vaginal"	2	"A10"	"F9, R10"	"F9"	"R10"	"CCGAAGTA"	"CGAGGCTG"	"EB"	
"EB41"	"CCGAAGTAAAGAGGCA"	"GGACTACNVGGGTWTCTAAT"	"GTGYCAGCMGCCGCGGTAA"	"EB PS vortex"	"Vaginal"	2	"A11"	"F9, R11"	"F9"	"R11"	"CCGAAGTA"	"AAGAGGCA"	"EB"	
"TA097"	"CCGAAGTAGTAGAGGA"	"GGACTACNVGGGTWTCTAAT"	"GTGYCAGCMGCCGCGGTAA"	"Mouse pancreas"	"Pancreas"	2	"A12"	"F9, R12"	"F9"	"R12"	"CCGAAGTA"	"GTAGAGGA"	"TA"	
2254	"CCGAAGTACGTACTAG"	"GGACTACNVGGGTWTCTAAT"	"GTGYCAGCMGCCGCGGTAA"	"KIt BLANK LOT # 160027051"	"Blank"	2	"A2"	"F9, R2"	"F9"	"R2"	"CCGAAGTA"	"CGTACTAG"	"KN"	
"2246Rep2"	"CCGAAGTAGCGTAAGA"	"GGACTACNVGGGTWTCTAAT"	"GTGYCAGCMGCCGCGGTAA"	"VIC-MEL-RMH-057_V2_Rep2"	"Milk"	2	"A1"	"F9, R25"	"F9"	"R25"	"CCGAAGTA"	"GCGTAAGA "	"KN"	
"2254Rep2"	"CCGAAGTACGTCTAAT"	"GGACTACNVGGGTWTCTAAT"	"GTGYCAGCMGCCGCGGTAA"	"KIt BLANK LOT # 160027051_Rep2"	"Blank"	2	"A2"	"F9, R26"	"F9"	"R26"	"CCGAAGTA"	"CGTCTAAT "	"KN"	
"2262Rep2"	"CCGAAGTATCTCTCCG"	"GGACTACNVGGGTWTCTAAT"	"GTGYCAGCMGCCGCGGTAA"	"SA-ADEL-WCH-042_V1_Rep2"	"Milk"	2	"A3"	"F9, R27"	"F9"	"R27"	"CCGAAGTA"	"TCTCTCCG "	"KN"	
"2270Rep2"	"CCGAAGTATCGACTAG"	"GGACTACNVGGGTWTCTAAT"	"GTGYCAGCMGCCGCGGTAA"	"QLD-BRI-MATER-062_B2_Rep2"	"Milk"	2	"A4"	"F9, R28"	"F9"	"R28"	"CCGAAGTA"	"TCGACTAG "	"KN"	
"2278Rep2"	"CCGAAGTAAACGTGAT"	"GGACTACNVGGGTWTCTAAT"	"GTGYCAGCMGCCGCGGTAA"	"WA-PER-PMH-054_V4_Rep2"	"Milk"	2	"A5"	"F9, R29"	"F9"	"R29"	"CCGAAGTA"	"AACGTGAT"	"KN"	
2262	"CCGAAGTAAGGCAGAA"	"GGACTACNVGGGTWTCTAAT"	"GTGYCAGCMGCCGCGGTAA"	"SA-ADEL-WCH-042_V1"	"Milk"	2	"A3"	"F9, R3"	"F9"	"R3"	"CCGAAGTA"	"AGGCAGAA"	"KN"	
"2286Rep2"	"CCGAAGTAAAACATCG"	"GGACTACNVGGGTWTCTAAT"	"GTGYCAGCMGCCGCGGTAA"	"QLD-BRI-MATER-091_B2_Rep2"	"Milk"	2	"A6"	"F9, R30"	"F9"	"R30"	"CCGAAGTA"	"AAACATCG"	"KN"	
"2294Rep2"	"CCGAAGTAAGTGGTCA"	"GGACTACNVGGGTWTCTAAT"	"GTGYCAGCMGCCGCGGTAA"	"WA-PER-PMH-054_V1_Rep2"	"Milk"	2	"A7"	"F9, R31"	"F9"	"R31"	"CCGAAGTA"	"AGTGGTCA"	"KN"	
"EB17Rep2"	"CCGAAGTAACCACTGT"	"GGACTACNVGGGTWTCTAAT"	"GTGYCAGCMGCCGCGGTAA"	"AN Zymo_Rep2"	"Buccal"	2	"A8"	"F9, R32"	"F9"	"R32"	"CCGAAGTA"	"ACCACTGT"	"EB"	
"EB25Rep2"	"CCGAAGTAACATTGGC"	"GGACTACNVGGGTWTCTAAT"	"GTGYCAGCMGCCGCGGTAA"	"AN Promega (swab)_Rep2"	"Buccal"	2	"A9"	"F9, R33"	"F9"	"R33"	"CCGAAGTA"	"ACATTGGC"	"EB"	
"EB33Rep2"	"CCGAAGTACAGATCTG"	"GGACTACNVGGGTWTCTAAT"	"GTGYCAGCMGCCGCGGTAA"	"NB Zymo_Rep2"	"Vaginal"	2	"A10"	"F9, R34"	"F9"	"R34"	"CCGAAGTA"	"CAGATCTG"	"EB"	
"EB41Rep2"	"CCGAAGTACATCAAGT"	"GGACTACNVGGGTWTCTAAT"	"GTGYCAGCMGCCGCGGTAA"	"EB PS vortex_Rep2"	"Vaginal"	2	"A11"	"F9, R35"	"F9"	"R35"	"CCGAAGTA"	"CATCAAGT"	"EB"	
"TA097Rep2"	"CCGAAGTACGCTGATC"	"GGACTACNVGGGTWTCTAAT"	"GTGYCAGCMGCCGCGGTAA"	"Mouse pancreas_Rep2"	"Pancreas"	2	"A12"	"F9, R36"	"F9"	"R36"	"CCGAAGTA"	"CGCTGATC"	"TA"	
2270	"CCGAAGTATCCTGAGC"	"GGACTACNVGGGTWTCTAAT"	"GTGYCAGCMGCCGCGGTAA"	"QLD-BRI-MATER-062_B2"	"Milk"	2	"A4"	"F9, R4"	"F9"	"R4"	"CCGAAGTA"	"TCCTGAGC"	"KN"	
2278	"CCGAAGTAGGACTCCT"	"GGACTACNVGGGTWTCTAAT"	"GTGYCAGCMGCCGCGGTAA"	"WA-PER-PMH-054_V4"	"Milk"	2	"A5"	"F9, R5"	"F9"	"R5"	"CCGAAGTA"	"GGACTCCT"	"KN"	
2286	"CCGAAGTATAGGCATG"	"GGACTACNVGGGTWTCTAAT"	"GTGYCAGCMGCCGCGGTAA"	"QLD-BRI-MATER-091_B2"	"Milk"	2	"A6"	"F9, R6"	"F9"	"R6"	"CCGAAGTA"	"TAGGCATG"	"KN"	
2294	"CCGAAGTACTCTCTAC"	"GGACTACNVGGGTWTCTAAT"	"GTGYCAGCMGCCGCGGTAA"	"WA-PER-PMH-054_V1"	"Milk"	2	"A7"	"F9, R7"	"F9"	"R7"	"CCGAAGTA"	"CTCTCTAC"	"KN"	
"EB17"	"CCGAAGTACAGAGAGG"	"GGACTACNVGGGTWTCTAAT"	"GTGYCAGCMGCCGCGGTAA"	"AN Zymo"	"Buccal"	2	"A8"	"F9, R8"	"F9"	"R8"	"CCGAAGTA"	"CAGAGAGG"	"EB"	
"EB25"	"CCGAAGTAGCTACGCT"	"GGACTACNVGGGTWTCTAAT"	"GTGYCAGCMGCCGCGGTAA"	"AN Promega (swab)"	"Buccal"	2	"A9"	"F9, R9"	"F9"	"R9"	"CCGAAGTA"	"GCTACGCT"	"EB"	
